매입 전자(수정) 세금계산서 목록조회,,,,,,,,,,,,,,,,,,,,,,,,대표 품목,,,,,,,,
작성일자,승인번호,발급일자,전송일자,공급자사업자등록번호,종사업장번호,상호,대표자명,주소,공급받는자사업자등록번호,종사업장번호,상호,대표자명,주소,합계금액,공급가액,세액,전자세금계산서분류,전자세금계산서종류,발급유형,비고,영수/청구 구분,공급자 이메일,공급받는자 이메일1,공급받는자 이메일2,품목일자,품목명,품목규격,품목수량,품목단가,품목공급가액,품목세액,품목비고
2026-06-30,20260630-10260701-84993218,2026-07-01,2026-07-01,158-81-02757,,주식회사 이스텍바이오,박승문,"전북특별자치도 전주시 덕진구 백제대로 567, 108호(금암동, 전북대학교농생명과학대학2호관)",595-81-02960,,주식회사 뉴진사이언스,김기환,"경기도 광명시 소하로 190, 비동 9층 21호(소하동, 광명G타워)","13,200,000","12,000,000","1,200,000",세금계산서,일반,인터넷발급,,청구,smpark@jbnu.ac.kr,newgenes@newgenesci.com,,2026-06-30,Human FGF2,mg,12,"500,000","6,000,000","600,000",
2026-06-30,20260630-10260701-83819007,2026-07-01,2026-07-01,386-81-00693,,주식회사 아이셀,이용철,"경기도 하남시 조정대로 150, 아이테코 755호",595-81-02960,,주식회사 뉴진사이언스(New Gene Science Inc.),김기환,"경기도 광명시 소하로 190, 비동 9층 21호(소하동, 광명G타워)","211,200","192,000","19,200",세금계산서,일반,인터넷발급,,청구,,newgenes@newgenesci.com,,2026-06-30,택배비,EA,1,"4,000","4,000",400,
2026-06-30,20260630-10260630-80854229,2026-06-30,2026-06-30,134-13-73811,,삼성오에이프라자,송동운,"경기도 안산시 단원구 별망로 555, 2층 231,232호(원시동, 타원TAKRA-V 지식산업센터)",595-81-02960,,(주)뉴진사이언스,김기환,경기도광명시소하로190.비동9층21호,"110,000","100,000","10,000",세금계산서,일반,인터넷발급,,청구,sdwxerox@hanmail.net,newgenes@newgenesci.com,,2026-06-30,복사기사용료,,,,"100,000","10,000",
2026-06-29,20260629-41000007-18129704,2026-06-29,2026-06-30,641-86-00839,,주식회사 엑소젠,조광호,"대전광역시 유성구 죽동로242번길 8-17,1층 102호",595-81-02960,,뉴진사이언스,김기환,"경기도 광명시 소하로 190, 광명 G타워 B동 921호 (소하동)","436,036","396,396","39,640",세금계산서,일반,ASP발급,,청구,xogenebio@xogenebio.com,newgenes@newgenesci.com,,,Clonal Genes (1800＜X≤3200) - Total 1ea,bp,"2,058",162,"333,396","33,340",
2026-06-26,20260626-41000007-18082573,2026-06-26,2026-06-27,641-86-00839,,주식회사 엑소젠,조광호,"대전광역시 유성구 죽동로242번길 8-17,1층 102호",595-81-02960,,뉴진사이언스,김기환,"경기도 광명시 소하로 190, 광명 G타워 B동 921호 (소하동)","1,591,110","1,446,464","144,646",세금계산서,일반,ASP발급,,청구,xogenebio@xogenebio.com,newgenes@newgenesci.com,,,Clonal Genes (1800＜X≤3200) - Total 1ea,bp,"1,876",162,"303,912","30,391",
2026-06-23,20260623-41000085-00005581,2026-07-02,2026-07-02,119-19-49901,,성진정보텍,김성훈,"경기도 광명시 소하로190, 광명G타워 B동 901호",595-81-02960,,주식회사뉴진사이언스,김기환,"경기도 광명시 소하로190,비동9층21호","15,730","14,300","1,430",세금계산서,일반,ASP발급,,영수,sj8947060@naver.com,,,2026-06-23,성진정보텍,EA,1,"14,300","14,300","1,430",
2026-06-23,20260623-10260624-76276119,2026-06-24,2026-06-24,386-81-00693,,주식회사 아이셀,이용철,"경기도 하남시 조정대로 150, 아이테코 755호",595-81-02960,,주식회사 뉴진사이언스(New Gene Science Inc.),김기환,"경기도 광명시 소하로 190, 비동 9층 21호(소하동, 광명G타워)","140,800","128,000","12,800",세금계산서,일반,인터넷발급,,청구,,newgenes@newgenesci.com,,2026-06-23,L-Carnitine for synthesis-541-15-1,25G,1,"128,000","128,000","12,800",
2026-06-22,20260622-41000007-18021545,2026-06-22,2026-06-23,641-86-00839,,주식회사 엑소젠,조광호,"대전광역시 유성구 죽동로242번길 8-17,1층 102호",595-81-02960,,뉴진사이언스,김기환,"경기도 광명시 소하로 190, 광명 G타워 B동 921호 (소하동)","1,993,728","1,812,480","181,248",세금계산서,일반,ASP발급,,청구,xogenebio@xogenebio.com,newgenes@newgenesci.com,,,Clonal Genes (300＜X≤1800) - Total 6ea,bp,"8,478",160,"1,356,480","135,648",
2026-06-19,20260619-41000021-a0018840,2026-06-19,2026-06-19,118-82-70725,,광명g타워,최형석,경기 광명시 소하로 190지타워,595-81-02960,,주식회사 뉴진사이언스,김기환,경기 광명시 소하로 190 비동 9층 21호,"297,820","270,750","27,070",세금계산서,일반,ASP발급,2026년05월 관리비 B동921호,청구,kmtower@navet.com,newgenes@newgenesci.com,,2026-06-19,2026년05월분 관리비 외,,0,0,"270,750","27,070",
2026-06-16,20260616-41000007-17941416,2026-06-16,2026-06-17,641-86-00839,,주식회사 엑소젠,조광호,"대전광역시 유성구 죽동로242번길 8-17,1층 102호",595-81-02960,,뉴진사이언스,김기환,"경기도 광명시 소하로 190, 광명 G타워 B동 921호 (소하동)","1,705,176","1,550,160","155,016",세금계산서,일반,ASP발급,,청구,xogenebio@xogenebio.com,newgenes@newgenesci.com,,,Gene Fragments without Adapters(300＜X≤3200)- Total 5ea,bp,"12,918",120,"1,550,160","155,016",
2026-06-16,20260616-10260703-87833690,2026-07-03,2026-07-03,149-86-03645,,주식회사 제닉스바이오,박승문,"전북특별자치도 전주시 덕진구 백제대로 567, 110호(금암동, 농업생명과학대학2호관)",595-81-02960,,주식회사 뉴진사이언스,김기환,"경기도 광명시 소하로 190, 비동 9층 21호(소하동, 광명G타워)","17,600,000","16,000,000","1,600,000",세금계산서,일반,인터넷발급,,청구,smpark@jbnu.ac.kr,newgenes@newgenesci.com,,2026-06-16,Deinoxanthin,5%,10,"300,000","3,000,000","300,000",
2026-06-15,20260615-41000096-40930213,2026-06-16,2026-06-17,503-81-97041,,주식회사 웰진,Park Jong Gu,"경상북도 경산시 남천면 남천로 693, 3층",595-81-02960,,주식회사 뉴진사이언스,김기환,"경기도 광명시 소하로 190, 비동 9층 21호 (소하동, 광명G타워)","35,970","32,700","3,270",세금계산서,일반,ASP발급,,청구,wg5038197041@bill36524.com,newgenes@newgenesci.com,,2026-06-15,"LS015-02, Trypsin-EDTA (10X) 0.5%",100ML,1,"26,700","26,700","2,670",
2026-06-15,20260615-41000096-40771053,2026-06-15,2026-06-16,101-81-65912,,(주)고려에이스과학,박건,서울특별시 종로구 돈화문로 4길 4 (장사동),595-81-02960,,주식회사 뉴진사이언스(New Gene Science Inc.),김기환,"경기도 광명시 소하로 190 비동 9층 21호 (소하동, 광명G타워)","127,160","115,600","11,560",세금계산서,일반,ASP발급,,영수,KOACE1@bill36524.com,bj.park@newgenesci.com,,2026-06-15,ⓗ Slide Folder,"20Slides, 192x295x11mm, Yellow",6,"13,400","80,400","8,040",
2026-06-15,20260615-41000061-l49edhbl,2026-06-16,2026-06-16,160-86-00927,,(주)다윈바이오텍,김용문,경기도 하남시 조정대로 150 (덕풍동) 아이테코 블루존 607호,595-81-02960,,주식회사 뉴진사이언스,김기환,"경기도 광명시 소하로 190, 비동 9층 21호","271,700","247,000","24,700",세금계산서,일반,ASP발급,,청구,admin@dawinbiotech.com,newgenes@newgenesci.com,,2026-06-15,♥[69504] DNeasy Blood & Tissue Kit (50),50/kit,1,"247,000","247,000","24,700",
2026-06-15,20260615-41000061-4t3jeid5,2026-06-16,2026-06-16,220-81-65848,,(주)이카운트,김신래,서울특별시 강동구 고덕비즈밸리로6길 84 (고덕동) 이카운트,595-81-02960,,(주)뉴진사이언스,김기환,"경기도 광명시 소하동 190,광명G타워 B동 921호","44,000","40,000","4,000",세금계산서,일반,ASP발급,,청구,csmail@ecounterp.com,NEWGENES@NEWGENESCI.COM,,2026-06-15,2026년 06월 사용료,,0,0,"40,000","4,000",
2026-06-15,20260615-10260701-84977759,2026-07-01,2026-07-01,158-81-02757,,주식회사 이스텍바이오,박승문,"전북특별자치도 전주시 덕진구 백제대로 567, 108호(금암동, 전북대학교농생명과학대학2호관)",595-81-02960,,주식회사 뉴진사이언스,김기환,"경기도 광명시 소하로 190, 비동 9층 21호(소하동, 광명G타워)","16,500,000","15,000,000","1,500,000",세금계산서,일반,인터넷발급,,청구,smpark@jbnu.ac.kr,newgenes@newgenesci.com,,2026-06-15,Human EGF,mg,30,"500,000","15,000,000","1,500,000",
2026-06-12,20260612-10260612-69980352,2026-06-12,2026-06-12,204-16-78019,,아벨바이오,최일범,"서울특별시 중랑구 면목로 205, 2층(면목동)",595-81-02960,,뉴진사이언스,김기환,"경기도 광명시 소하로 190, 비동 9층 21호(소하 동,광명G타워)","63,800","58,000","5,800",세금계산서,일반,인터넷발급,,청구,abelbio2012@gmail.com,newgenes@newgenesci.com,,2026-06-12,20100(BX); RT; Cell ...외,,,,"58,000","5,800",
2026-06-11,20260611-41000009-a00001s1,2026-06-12,2026-06-13,160-86-00927,,(주)다윈바이오텍,김용문,"경기도 하남시 조정대로 150 (덕풍동, 아이테코) 607호",595-81-02960,,주식회사 뉴진사이언스,김기환,경기도 광명시 소하로 190 (소하동) 비동 9층 21호(광명G타워),"4,103,193","3,730,175","373,018",세금계산서,일반,ASP발급,,청구,sj.yoo@dawinbiotech.com,jason.kim@newgenesci.com,,2026-06-11,[S2GPU05RE] Stericup Quick Release-GP Sterile Vacuum Filtration System 외,,,,"3,730,175","373,018",
2026-06-11,20260611-10260614-70408556,2026-06-14,2026-06-14,489-57-00532,,비에스테크광명,이재호 외 1 명,"경기도 광명시 소하로 190, B동 920,921호(소하동, 광명G타워)",595-81-02960,,주식회사 뉴진사이언스,김기환,"경기도 광명시 소하로 190(소하동, 광명G타워)비동9층21호","1,100,000","1,000,000","100,000",세금계산서,일반,인터넷발급,,청구,gateman4@daum.net,newgenes@newgenesci.com,,2026-06-11,사무실임대료,,,,"1,000,000","100,000",
2026-06-10,20260610-41000007-17847528,2026-06-10,2026-06-11,819-51-00013,,조이바이오,조광호,"대전광역시 유성구 죽동 733-3, 101호",595-81-02960,,뉴진사이언스,김기환,"경기도 광명시 소하로 190, 광명 G타워 B동 921호 (소하동)","11,467,500","10,425,000","1,042,500",세금계산서,일반,ASP발급,,청구,joybio7@daum.net,newgenes@newgenesci.com,,,중앙실험대 외,EA,1,"10,425,000","10,425,000","1,042,500",
2026-06-09,20260609-41000061-ilqu6i8l,2026-06-10,2026-06-10,130-54-00226,,엔테크(N-Tech),김성남,"경기 수원시 권선구 서둔로222번길 9
101호",595-81-02960,,주식회사뉴진사이언스,김기환,,"188,100","171,000","17,100",세금계산서,일반,ASP발급,,청구,ntech.77@hanmail.net,stella.yang@newgenesci.com,,2026-06-09,"CyroBanker-Cell Freezing Medium, 100ml",,1,"171,000","171,000","17,100",
2026-06-09,20260609-41000061-13jplmm2,2026-06-09,2026-06-09,763-81-00487,,(주)엘피에스솔루션,김천기,대전광역시 대덕구 덕암로148번길29 (상서동),595-81-02960,,주식회사 뉴진사이언스(New Gene Science Inc.),김기환,경기도 광명시 소하로 190 (소하동) 비동 9층 21호(광명G타워),"792,000","720,000","72,000",세금계산서,일반,ASP발급,,청구,lpss56789@naver.com,newgenes@newgenesci.com,,2026-06-09,"EXCELL LS Refill Tip, 1250ul, Nature, Sterile (10PK/CS)",768 Tips/Pack (LPS),30,"24,000","720,000","72,000",
2026-06-09,20260609-41000008-fby81yrs,2026-06-09,2026-06-10,130-81-49813,,청호나이스(주),지기원,충북 진천군 이월면 진광로 486,595-81-02960,,(주)뉴진사이언스,김기환,"경기 광명시 소하로 190 B동 9층 21호 (소하동, 광명G타워)","45,900","41,727","4,173",세금계산서,일반,ASP발급,국민은행 804010484951 /  당월 내 미납시 가산금이 부과됩니다. 계약:13-0230049-24-00282,청구,10258006@chungho.co.kr,newgenes@newgenesci.com,,2026-06-09,렌탈료,,1,0,"41,727","4,173",
2026-06-09,20260609-10260609-64900863,2026-06-09,2026-06-09,202-87-01983,,"이뮤노디자이너스 주식회사(IMMUNODESIGNERS Co., Ltd.)",오성수,"서울특별시 강남구 테헤란로 322, 서관동 14층 1418,1419호(역삼동, 한신인터밸리24빌딩)",595-81-02960,,(주)뉴진사이언스,김기환,"경기도 광명시 소하로 190(소하동, 광명G타워), 비동 9층 21호","1,650,000","1,500,000","150,000",세금계산서,일반,인터넷발급,,청구,hjkim@immunodesigners.com,newgenes@newgenesci.com,stella.yang@newgenesci.com,2026-06-09,"Forma™ Series 3 Water Jacketed CO2 Incubator, 184L",,1,"1,500,000","1,500,000","150,000",
2026-06-06,20260606-50000002-j9850142,2026-06-25,2026-06-26,102-81-42945,,주식회사 케이티,박윤영,경기도 성남시 분당구 불정로 90,595-81-02960,,주식회사뉴진사이언스,김기환,"경기 광명시 소하로 190 B동 921호 (소하동, 광명G타워)","43,067","39,152","3,915",세금계산서,일반,겸용서식발급,"84 KOS, 명세서번호(청구계약ID) : 76037059276, 매출기관(사업장) : P555221",청구,,,,,인터넷 베이직 (z!68194598000),,1,"39,152","39,152","3,915",
2026-06-05,20260605-41000007-17773228,2026-06-05,2026-06-06,641-86-00839,,주식회사 엑소젠,조광호,"대전광역시 유성구 죽동로242번길 8-17,1층 102호",595-81-02960,,뉴진사이언스,김기환,"경기도 광명시 소하로 190, 광명 G타워 B동 921호 (소하동)","872,784","793,440","79,344",세금계산서,일반,ASP발급,,청구,xogenebio@xogenebio.com,newgenes@newgenesci.com,,,Clonal Genes (300＜X≤1800) - Total 3ea,bp,"3,534",160,"565,440","56,544",
2026-06-05,20260605-41000007-17773211,2026-06-05,2026-06-06,641-86-00839,,주식회사 엑소젠,조광호,"대전광역시 유성구 죽동로242번길 8-17,1층 102호",595-81-02960,,뉴진사이언스,김기환,"경기도 광명시 소하로 190, 광명 G타워 B동 921호 (소하동)","1,518,880","1,380,800","138,080",세금계산서,일반,ASP발급,,청구,xogenebio@xogenebio.com,newgenes@newgenesci.com,,,Clonal Genes (300＜X≤1800) - Total 5ea,bp,"6,255",160,"1,000,800","100,080",Q-664122
2026-05-31,20260531-10260607-61351382,2026-06-07,2026-06-07,260-01-01461,,우정컴퍼니,김우태,"인천 서구 봉화로 18, 109동 302호",595-81-02960,,주식회사 뉴진사이언스,김기환,"경기도 광명시 소하로 190, 비동 9층 921호 소하동 광명G타워)","7,650","6,955",695,세금계산서,일반,인터넷발급,기업은행 686-029278-01-019 김우태(우정컴퍼니),청구,dnxkdcod3@naver.com,newgenes@newgenesci.com,,2026-05-31,5월택배비,,,,"2,864",286,
2026-05-29,20260529-10260601-52099387,2026-06-01,2026-06-01,386-81-00693,,주식회사 아이셀,이용철,"경기도 하남시 조정대로 150, 아이테코 755호",595-81-02960,,주식회사 뉴진사이언스(New Gene Science Inc.),김기환,"경기도 광명시 소하로 190, 비동 9층 21호(소하동, 광명G타워)","60,500","55,000","5,500",세금계산서,일반,인터넷발급,,청구,,newgenes@newgenesci.com,,2026-05-29,"Potassium gluconate, USP grade, anhydrous-299-27-4",100G,1,"55,000","55,000","5,500",
2026-05-29,20260529-10260529-49355166,2026-05-29,2026-05-29,134-13-73811,,삼성오에이프라자,송동운,"경기도 안산시 단원구 별망로 555, 2층 231,232호(원시동, 타원TAKRA-V 지식산업센터)",595-81-02960,,(주)뉴진사이언스,김기환,경기도광명시소하로190.비동9층21호,"110,000","100,000","10,000",세금계산서,일반,인터넷발급,,청구,sdwxerox@hanmail.net,newgenes@newgenesci.com,,2026-05-29,복사기사용료,,,,"100,000","10,000",
2026-05-28,20260528-10260608-62048760,2026-06-08,2026-06-08,214-70-60653,,기업세무회계경영자문,강진현,"경기도 군포시 군포첨단산업2로7번길 8, 1318호(부곡동, 군포 에이스 더블유밸리)",595-81-02960,,주식회사뉴진사이언스,김기환,"경기 광명시 소하로 190 (소하동) 비동 9층 21호(소하동, 광명G타워)","165,000","150,000","15,000",세금계산서,일반,인터넷발급,,청구,kb01073658060@nate.com,,,2026-05-28,기장료,,,,"150,000","15,000",
2026-05-26,20260526-41000085-00000460,2026-05-27,2026-05-27,119-19-49901,,성진정보텍,김성훈,"경기도 광명시 소하로190, 광명G타워 B동 901호",595-81-02960,,주식회사뉴진사이언스,김기환,"경기도 광명시 소하로190,비동9층21호","15,730","14,300","1,430",세금계산서,일반,ASP발급,,영수,sj8947060@naver.com,,,2026-05-26,성진정보텍,EA,1,"14,300","14,300","1,430",
2026-05-26,20260526-41000007-17487979,2026-05-26,2026-05-27,641-86-00839,,주식회사 엑소젠,조광호,"대전광역시 유성구 죽동로242번길 8-17,1층 102호",595-81-02960,,뉴진사이언스,김기환,"경기도 광명시 소하로 190, 광명 G타워 B동 921호 (소하동)","1,030,260","936,600","93,660",세금계산서,일반,ASP발급,,청구,xogenebio@xogenebio.com,newgenes@newgenesci.com,,,Gene Fragments without Adapters(300＜X≤3200)- Total 3ea,bp,"3,663",120,"439,560","43,956",Q-657717
2026-05-22,20260522-10260522-45034078,2026-05-22,2026-05-22,289-37-01291,,백스바이오테크,정승혜,"경기도 고양시 덕양구 호국로742번길 38, 608동 1102호(성사동, 신원당마을)",595-81-02960,,주식회사뉴진사이언스,김기환,"경기도 광명시 소하로190,비동9층21호(소하동 광명G타워)","5,225,000","4,750,000","475,000",세금계산서,일반,인터넷발급,,청구,pukpuke@naver.com,newgenes@newgenesci.com,,2026-05-22,FMDV-O형 M3 nanobody		,,2,"1,250,000","2,500,000","250,000",
2026-05-21,20260521-41000007-17451166,2026-05-21,2026-05-22,641-86-00839,,주식회사 엑소젠,조광호,"대전광역시 유성구 죽동로242번길 8-17,1층 102호",595-81-02960,,뉴진사이언스,김기환,"경기도 광명시 소하로 190, 광명 G타워 B동 921호 (소하동)","1,006,896","915,360","91,536",세금계산서,일반,ASP발급,,청구,xogenebio@xogenebio.com,newgenes@newgenesci.com,,,Clonal Genes (300＜X≤1800) - Total 3ea,bp,"4,296",160,"687,360","68,736",
2026-05-20,20260520-41000061-pkqq1wdf,2026-05-20,2026-05-20,137-81-54603,,주식회사동재산업,홍순용,경기도 김포시 통진읍 가현로85번길99-77,595-81-02960,,주)뉴진사이언스,김기환,"경기도 광명시 소하로 190, 비동9층21호","17,776,000","16,160,000","1,616,000",세금계산서,일반,ASP발급,,청구,ilpico@naver.com,newgenes@newgenesci.com,,2026-05-20,DJ-FHA15(26228796),1500*800*2300,1,"3,850,000","3,850,000","385,000",26228796
2026-05-19,20260519-41000061-56v9aksb,2026-05-21,2026-05-21,763-81-00487,,(주)엘피에스솔루션,김천기,대전광역시 대덕구 덕암로148번길29 (상서동),595-81-02960,,주식회사 뉴진사이언스(New Gene Science Inc.),김기환,경기도 광명시 소하로 190 (소하동) 비동 9층 21호(광명G타워),"396,000","360,000","36,000",세금계산서,일반,ASP발급,,청구,lpss56789@naver.com,newgenes@newgenesci.com,,2026-05-19,"Xcent Serological pipette, 10ml (6Boxes/CS)",200pcs/Box (LPS),12,"30,000","360,000","36,000",
2026-05-19,20260519-41000021-a0009915,2026-05-19,2026-05-19,118-82-70725,,광명g타워,최형석,경기 광명시 소하로 190지타워,595-81-02960,,주식회사 뉴진사이언스,김기환,경기 광명시 소하로 190 비동 9층 21호,"281,210","255,650","25,560",세금계산서,일반,ASP발급,2026년04월 관리비 B동921호,청구,kmtower@navet.com,newgenes@newgenesci.com,,2026-05-19,2026년04월분 관리비 외,,0,0,"255,650","25,560",
2026-05-19,20260519-41000007-17417346,2026-05-19,2026-05-20,641-86-00839,,주식회사 엑소젠,조광호,"대전광역시 유성구 죽동로242번길 8-17,1층 102호",595-81-02960,,뉴진사이언스,김기환,"경기도 광명시 소하로 190, 광명 G타워 B동 921호 (소하동)","265,188","241,080","24,108",세금계산서,일반,ASP발급,,청구,xogenebio@xogenebio.com,newgenes@newgenesci.com,,,Clonal Genes (300＜X≤1800) - Total 1ea,bp,"1,113",160,"178,080","17,808",
2026-05-19,20260519-41000007-17417324,2026-05-19,2026-05-20,641-86-00839,,주식회사 엑소젠,조광호,"대전광역시 유성구 죽동로242번길 8-17,1층 102호",595-81-02960,,뉴진사이언스,김기환,"경기도 광명시 소하로 190, 광명 G타워 B동 921호 (소하동)","178,596","162,360","16,236",세금계산서,일반,ASP발급,,청구,xogenebio@xogenebio.com,newgenes@newgenesci.com,,,Gene Fragments with Adapters(300＜X≤3200) - Total 1ea,bp,"1,353",120,"162,360","16,236",
2026-05-19,20260519-41000007-17417320,2026-05-19,2026-05-20,641-86-00839,,주식회사 엑소젠,조광호,"대전광역시 유성구 죽동로242번길 8-17,1층 102호",595-81-02960,,뉴진사이언스,김기환,"경기도 광명시 소하로 190, 광명 G타워 B동 921호 (소하동)","380,028","345,480","34,548",세금계산서,일반,ASP발급,,청구,xogenebio@xogenebio.com,newgenes@newgenesci.com,,,Gene Fragments without Adapters(300＜X≤3200)- Total 2ea,bp,"2,879",120,"345,480","34,548",
2026-05-15,20260515-41000061-lihat2tw,2026-05-15,2026-05-15,220-81-65848,,(주)이카운트,김신래,서울특별시 강동구 고덕비즈밸리로6길 84 (고덕동) 이카운트,595-81-02960,,(주)뉴진사이언스,김기환,"경기도 광명시 소하동 190,광명G타워 B동 921호","44,000","40,000","4,000",세금계산서,일반,ASP발급,,청구,csmail@ecounterp.com,NEWGENES@NEWGENESCI.COM,,2026-05-15,2026년 05월 사용료,,0,0,"40,000","4,000",
2026-05-13,20260513-41000007-17362336,2026-05-13,2026-05-14,641-86-00839,,주식회사 엑소젠,조광호,"대전광역시 유성구 죽동로242번길 8-17,1층 102호",595-81-02960,,뉴진사이언스,김기환,"경기도 광명시 소하로 190, 광명 G타워 B동 921호 (소하동)","1,160,544","1,055,040","105,504",세금계산서,일반,ASP발급,,청구,xogenebio@xogenebio.com,newgenes@newgenesci.com,,,Clonal Genes (300＜X≤1800) - Total 4ea,bp,"5,019",160,"803,040","80,304",
2026-05-11,20260511-10260512-38858339,2026-05-12,2026-05-12,489-57-00532,,비에스테크광명,이재호 외 1 명,"경기도 광명시 소하로 190, B동 920,921호(소하동, 광명G타워)",595-81-02960,,주식회사 뉴진사이언스,김기환,"경기도 광명시 소하로 190(소하동, 광명G타워)비동9층21호","1,100,000","1,000,000","100,000",세금계산서,일반,인터넷발급,,청구,gateman4@daum.net,newgenes@newgenesci.com,,2026-05-11,사무실임대료,,,,"1,000,000","100,000",
2026-05-08,20260508-41000008-fby804ab,2026-05-08,2026-05-11,130-81-49813,,청호나이스(주),지기원,충북 진천군 이월면 진광로 486,595-81-02960,,(주)뉴진사이언스,김기환,"경기 광명시 소하로 190 B동 9층 21호 (소하동, 광명G타워)","45,900","41,727","4,173",세금계산서,일반,ASP발급,국민은행 804010484951 /  당월 내 미납시 가산금이 부과됩니다. 계약:13-0230049-24-00282,청구,10258006@chungho.co.kr,newgenes@newgenesci.com,,2026-05-08,렌탈료,,1,0,"41,727","4,173",
2026-05-07,20260507-41000016-58793273,2026-05-11,2026-05-11,221-81-46179,,주식회사 코람바이오텍,김우석,강원특별자치도 춘천시 동내면 거두길 208-17,595-81-02960,,주식회사 뉴진사이언스(New Gene Science Inc.),김기환,경기도 광명시 소하로 190 (소하동) 비동 9층 21호,"9,603,000","8,730,000","873,000",세금계산서,일반,ASP발급,,청구,tax@kangwonbio.com,newgenes@newgenesci.com,,2026-05-07,Endoproteinase Lys-C,3 mg,5,"1,746,000","8,730,000","873,000",
2026-05-06,20260506-50000002-j6085021,2026-05-26,2026-05-27,102-81-42945,,주식회사 케이티,박윤영,경기도 성남시 분당구 불정로 90,595-81-02960,,주식회사뉴진사이언스,김기환,"경기 광명시 소하로 190 B동 921호 (소하동, 광명G타워)","43,936","39,942","3,994",세금계산서,일반,겸용서식발급,"84 KOS, 명세서번호(청구계약ID) : 76037059276, 매출기관(사업장) : P546173",청구,,,,,인터넷 베이직 (z!68194598000),,1,"39,942","39,942","3,994",
2026-05-06,20260506-41000022-0694cf82,2026-05-06,2026-05-07,293-88-03062,,(주)알앤디메이트,최지나,"경기 용인시 기흥구 동백중앙로 191 , 8층 J851",595-81-02960,,주식회사 뉴진사이언스,김기환,경기 광명시 소하로 190 비동 9층 21호,"1,495,560","1,359,600","135,960",세금계산서,일반,ASP발급,로젠 44330881136,청구,info@rndmate.com,newgenes@newgenesci.com,,2026-05-06,Sigma	F1141-5MG	Fibronectin bovine plasma,,,,"1,359,600","135,960",
2026-05-03,20260503-50000008-42381898,2026-05-03,2026-06-06,104-81-37225,,에스케이텔레콤(주),정재헌,,595-81-02960,,주식회사 뉴진사이언스,김기환,"경기 광명시 소하로 190, 비동 21호(소하동)","77,155","70,142","7,013",세금계산서,일반,겸용서식발급,,청구,,,,2026-05-03,이동통신요금(01071698805),,0,0,"70,142","7,013",
2026-05-03,20260503-50000008-42344472,2026-05-03,2026-06-06,104-81-37225,,에스케이텔레콤(주),정재헌,,595-81-02960,,주식회사 뉴진사이언스,김기환,"경기 광명시 소하로 190, 비동 21호(소하동)","22,000","20,000","2,000",세금계산서,일반,겸용서식발급,,청구,,,,2026-05-03,이동통신요금(01224414997),,0,0,"20,000","2,000",
2026-04-30,20260430-41000043-08474047,2026-04-30,2026-04-30,119-14-36473,,나노비티,이재수,"서울특별시 구로구 디지털로33길 28, 1414-1호(구로동,우림이비지센터1차)",595-81-02960,,주식회사 뉴진사이언스,김기환,경기 광명시 소하로 190 (소하동) 비동 9층 21호,"20,328,000","18,480,000","1,848,000",세금계산서,일반,ASP발급,,청구,jslee@nanobt.com,newgenes@newgenesci.com,,2026-04-30,FA-TCs-201  세슘(Cs) 압타머 비드 외 ,EA,1,"18,480,000","18,480,000","1,848,000",
2026-04-30,20260430-10260514-40114248,2026-05-14,2026-05-14,158-81-02757,,주식회사 이스텍바이오,박승문,"전북특별자치도 전주시 덕진구 백제대로 567, 108호(금암동, 전북대학교농생명과학대학2호관)",595-81-02960,,주식회사 뉴진사이언스,김기환,"경기도 광명시 소하로 190, 비동 9층 21호(소하동, 광명G타워)","1,650,000","1,500,000","150,000",세금계산서,일반,인터넷발급,,청구,smpark@jbnu.ac.kr,newgenes@newgenesci.com,,2026-04-30,feline INF-w,mg,3,"500,000","1,500,000","150,000",
2026-04-30,20260430-10260507-31998339,2026-05-07,2026-05-07,260-01-01461,,우정컴퍼니,김우태,"인천 서구 봉화로 18, 109동 302호",595-81-02960,,주식회사 뉴진사이언스,김기환,"경기도 광명시 소하로 190, 비동 9층 921호 소하동 광명G타워)","13,450","12,227","1,223",세금계산서,일반,인터넷발급,기업은행 686-029278-01-019 김우태(우정컴퍼니),청구,dnxkdcod3@naver.com,newgenes@newgenesci.com,,2026-04-30,4월택배비,,,,"8,591",859,
2026-04-30,20260430-10260504-25945925,2026-05-04,2026-05-04,879-87-02860,,주식회사 곰표종합상사,이상빈,대전광역시 동구 동산초교로55번길 27(홍도동),595-81-02960,,뉴진사이언스 주식회사,김기환,"경기도 광명시 소하로190,광명G타워 비동9층21호","214,500","195,000","19,500",세금계산서,일반,인터넷발급,,청구,gom3853@naver.com,newgenes@newgenesci.com,,2026-04-30,말토덱스트린외,,,,"195,000","19,500",
2026-04-29,20260429-10260430-20734577,2026-04-30,2026-04-30,386-81-00693,,주식회사 아이셀,이용철,"경기도 하남시 조정대로 150, 아이테코 755호",595-81-02960,,주식회사 뉴진사이언스(New Gene Science Inc.),김기환,"경기도 광명시 소하로 190, 비동 9층 21호(소하동, 광명G타워)","113,300","103,000","10,300",세금계산서,일반,인터넷발급,,청구,,newgenes@newgenesci.com,,2026-04-29,MES potassium salt-39946-25-3,25G,1,"103,000","103,000","10,300",
2026-04-29,20260429-10260429-19598563,2026-04-29,2026-04-29,134-13-73811,,삼성오에이프라자,송동운,"경기도 안산시 단원구 별망로 555, 2층 231,232호(원시동, 타원TAKRA-V 지식산업센터)",595-81-02960,,(주)뉴진사이언스,김기환,경기도광명시소하로190.비동9층21호,"110,000","100,000","10,000",세금계산서,일반,인터넷발급,,청구,sdwxerox@hanmail.net,newgenes@newgenesci.com,,2026-04-29,복사기사용료,,,,"100,000","10,000",
2026-04-28,20260428-10260510-35445459,2026-05-10,2026-05-10,214-70-60653,,기업세무회계경영자문,강진현,"경기도 군포시 군포첨단산업2로7번길 8, 1318호(부곡동, 군포 에이스 더블유밸리)",595-81-02960,,주식회사뉴진사이언스,김기환,"경기 광명시 소하로 190 (소하동) 비동 9층 21호(소하동, 광명G타워)","165,000","150,000","15,000",세금계산서,일반,인터넷발급,,청구,kb01073658060@nate.com,,,2026-04-28,기장료,,,,"150,000","15,000",
2026-04-28,20260428-10260428-18696397,2026-04-28,2026-04-28,289-37-01291,,백스바이오테크,정승혜,"경기도 고양시 덕양구 호국로742번길 38, 608동 1102호(성사동, 신원당마을)",595-81-02960,,주식회사뉴진사이언스,김기환,"경기도 광명시 소하로190,비동9층21호(소하동 광명G타워)","2,530,000","2,300,000","230,000",세금계산서,일반,인터넷발급,,청구,pukpuke@naver.com,newgenes@newgenesci.com,,2026-04-28, FMDV O-type M3-HRP Nanobody		,,1,"1,150,000","1,150,000","115,000",
2026-04-27,20260427-41000061-4sm43i6t,2026-04-28,2026-04-28,215-86-24821,,(주)다윈바이오,유선하,경기도 하남시 조정대로150 아이테코 블루존 601호,595-81-02960,,주식회사 뉴진사이언스 (New Gene Science Inc.),김기환,"경기도 광명시 소하로 190, 비동 9층 21호 (소하동, 광명G타워)","248,600","226,000","22,600",세금계산서,일반,ASP발급,,청구,jinlim@dawinbio.com,newgenes@newgenesci.com,,2026-04-27,·♥[P3100-005] Xpert Protease Inhibitor Cocktail Solution(100X),5x1ml,1,"226,000","226,000","22,600",
2026-04-27,20260427-41000008-0009biim,2026-04-27,2026-04-28,857-85-01983,,디케이에스에이치 코리아(주) 구로지점,박혜성,"서울특별시 구로구 디지털로34길 43, 12층(구로동, 코오롱싸이언스밸리1차)",595-81-02960,,주식회사 뉴진사이언스(New Gene Science Inc.),김기환,"경기도 광명시 소하로 190, 비동 9층 21호(소하동, 광명G타워)","1,845,800","1,678,000","167,800",세금계산서,일반,ASP발급,KR40,영수,euna.lee@dksh.com,newgenes@newgenesci.com,,2026-04-27,[EG)LC241] PURELAB CHORUS 2 AND 3 PRE-TR,EA,1,"275,000","275,000","27,500",
2026-04-24,20260424-41000007-16939826,2026-04-24,2026-04-25,641-86-00839,,주식회사 엑소젠,조광호,"대전광역시 유성구 죽동로242번길 8-17,1층 102호",595-81-02960,,뉴진사이언스,김기환,"경기도 광명시 소하로 190, 광명 G타워 B동 921호 (소하동)","1,132,846","1,029,860","102,986",세금계산서,일반,ASP발급,,청구,xogenebio@xogenebio.com,newgenes@newgenesci.com,,,Clonal Genes (1800＜X≤3200) - Total 2ea,bp,"4,877",180,"877,860","87,786",Q-638073
2026-04-24,20260424-41000007-16939803,2026-04-24,2026-04-25,641-86-00839,,주식회사 엑소젠,조광호,"대전광역시 유성구 죽동로242번길 8-17,1층 102호",595-81-02960,,뉴진사이언스,김기환,"경기도 광명시 소하로 190, 광명 G타워 B동 921호 (소하동)","287,496","261,360","26,136",세금계산서,일반,ASP발급,,청구,xogenebio@xogenebio.com,newgenes@newgenesci.com,,,Gene Fragments with Adapters(300＜X≤3200) - Total 3ea,bp,"2,178",120,"261,360","26,136",Q-639699
2026-04-24,20260424-41000007-16939783,2026-04-24,2026-04-25,641-86-00839,,주식회사 엑소젠,조광호,"대전광역시 유성구 죽동로242번길 8-17,1층 102호",595-81-02960,,뉴진사이언스,김기환,"경기도 광명시 소하로 190, 광명 G타워 B동 921호 (소하동)","1,918,488","1,744,080","174,408",세금계산서,일반,ASP발급,,청구,xogenebio@xogenebio.com,newgenes@newgenesci.com,,,Clonal Genes (1800＜X≤3200) - Total 1ea,bp,"1,899",200,"379,800","37,980",Q-633877
2026-04-24,20260424-41000007-16939764,2026-04-24,2026-04-25,641-86-00839,,주식회사 엑소젠,조광호,"대전광역시 유성구 죽동로242번길 8-17,1층 102호",595-81-02960,,뉴진사이언스,김기환,"경기도 광명시 소하로 190, 광명 G타워 B동 921호 (소하동)","1,105,236","1,004,760","100,476",세금계산서,일반,ASP발급,,청구,xogenebio@xogenebio.com,newgenes@newgenesci.com,,,Gene Fragments without Adapters(300＜X≤3200)- Total 11ea,bp,"8,373",120,"1,004,760","100,476",Q-640520
2026-04-24,20260424-41000007-16939761,2026-04-24,2026-04-25,641-86-00839,,주식회사 엑소젠,조광호,"대전광역시 유성구 죽동로242번길 8-17,1층 102호",595-81-02960,,뉴진사이언스,김기환,"경기도 광명시 소하로 190, 광명 G타워 B동 921호 (소하동)","316,800","288,000","28,800",세금계산서,일반,ASP발급,,청구,xogenebio@xogenebio.com,newgenes@newgenesci.com,,,Gene Fragments without Adapters(300＜X≤3200)- Total 8ea,bp,"2,400",120,"288,000","28,800",Q-640508
2026-04-24,20260424-41000007-16939757,2026-04-24,2026-04-25,641-86-00839,,주식회사 엑소젠,조광호,"대전광역시 유성구 죽동로242번길 8-17,1층 102호",595-81-02960,,뉴진사이언스,김기환,"경기도 광명시 소하로 190, 광명 G타워 B동 921호 (소하동)","657,492","597,720","59,772",세금계산서,일반,ASP발급,,청구,xogenebio@xogenebio.com,newgenes@newgenesci.com,,,Gene Fragments without Adapters(300＜X≤3200)- Total 7ea,bp,"4,981",120,"597,720","59,772",Q-640507
2026-04-24,20260424-10260427-17205862,2026-04-27,2026-04-27,386-81-00693,,주식회사 아이셀,이용철,"경기도 하남시 조정대로 150, 아이테코 755호",595-81-02960,,주식회사 뉴진사이언스(New Gene Science Inc.),김기환,"경기도 광명시 소하로 190, 비동 9층 21호(소하동, 광명G타워)","991,100","901,000","90,100",세금계산서,일반,인터넷발급,,청구,,newgenes@newgenesci.com,,2026-04-24,Sodium Orthovanadate-13721-39-6,5G,1,"98,000","98,000","9,800",
2026-04-23,20260423-41000085-00000503,2026-04-24,2026-04-24,119-19-49901,,성진정보텍,김성훈,"경기도 광명시 소하로190, 광명G타워 B동 901호",595-81-02960,,주식회사뉴진사이언스,김기환,"경기도 광명시 소하로190,비동9층21호","15,730","14,300","1,430",세금계산서,일반,ASP발급,,영수,sj8947060@naver.com,,,2026-04-23,성진정보텍,EA,1,"14,300","14,300","1,430",
2026-04-23,20260423-41000061-j7aphll7,2026-04-23,2026-04-23,763-81-00487,,(주)엘피에스솔루션,김천기,대전광역시 대덕구 덕암로148번길29 (상서동),595-81-02960,,주식회사 뉴진사이언스(New Gene Science Inc.),김기환,경기도 광명시 소하로 190 (소하동) 비동 9층 21호(광명G타워),"123,200","112,000","11,200",세금계산서,일반,ASP발급,,청구,lpss56789@naver.com,newgenes@newgenesci.com,,2026-04-23,"EXCELL AG Tip, 1250ul, Nature (1000 Tips/Pack, 5 packs/carton)",1000 Tips/Pack (LPS),10,"11,200","112,000","11,200",
2026-04-23,20260423-41000022-068994f6,2026-04-23,2026-04-24,293-88-03062,,(주)알앤디메이트,최지나,"경기 용인시 기흥구 동백중앙로 191 , 8층 J851",595-81-02960,,주식회사 뉴진사이언스,김기환,경기 광명시 소하로 190 비동 9층 21호,"136,180","123,800","12,380",세금계산서,일반,ASP발급,,청구,info@rndmate.com,newgenes@newgenesci.com,,2026-04-23,Sigma	71505-250G	Sodium phosphate monobasic dihydrate,,,,"123,800","12,380",
2026-04-22,20260422-41000022-068908ca,2026-04-22,2026-04-23,293-88-03062,,(주)알앤디메이트,최지나,"경기 용인시 기흥구 동백중앙로 191 , 8층 J851",595-81-02960,,주식회사 뉴진사이언스,김기환,경기 광명시 소하로 190 비동 9층 21호,"1,974,500","1,795,000","179,500",세금계산서,일반,ASP발급,로젠 44247351470,청구,info@rndmate.com,newgenes@newgenesci.com,,2026-04-22,RayBiotech	MTM-DQ-100	Mouse Mitochondrial DNA Damage Quantification Kit 외 1건,,,,"1,795,000","179,500",
2026-04-21,20260421-41000061-2qi63a9a,2026-04-22,2026-04-22,160-86-00927,,(주)다윈바이오텍,김용문,경기도 하남시 조정대로 150 (덕풍동) 아이테코 블루존 607호,595-81-02960,,주식회사 뉴진사이언스,김기환,"경기도 광명시 소하로 190, 비동 9층 21호","1,474,000","1,340,000","134,000",세금계산서,일반,ASP발급,,청구,admin@dawinbiotech.com,newgenes@newgenesci.com,,2026-04-21,♥[CS-050] C-Slide,50 slides / box,20,"67,000","1,340,000","134,000",
2026-04-20,20260420-41000021-a0005109,2026-04-20,2026-04-20,118-82-70725,,광명g타워,최형석,경기 광명시 소하로 190지타워,595-81-02960,,주식회사 뉴진사이언스,김기환,경기 광명시 소하로 190 비동 9층 21호,"333,020","302,750","30,270",세금계산서,일반,ASP발급,2026년03월 관리비 B동921호,청구,kmtower@navet.com,newgenes@newgenesci.com,,2026-04-20,2026년03월분 관리비 외,,0,0,"302,750","30,270",
2026-04-18,20260418-41000061-wtjw7ewb,2026-04-20,2026-04-20,336-86-00164,,태신바이오사이언스 주식회사,이태헌,경기도 남양주시 별내면 청학로92번길 48-49,595-81-02960,,(주)뉴진스/광명/김기환대표,김기환,"경기도 광명시 소하로 190.
광명G타워 B동 921호.","5,808,000","5,280,000","528,000",세금계산서,일반,ASP발급,,청구,tsb@taeshinbio.co.kr,jason.kim@newgenesci.com,,2026-04-18,Sample Concentration(MD200-1A),ea,3,"1,760,000","5,280,000","528,000",
2026-04-15,20260415-41000061-wk1pekfh,2026-04-15,2026-04-15,220-81-65848,,(주)이카운트,김신래,서울특별시 강동구 고덕비즈밸리로6길 84 (고덕동) 이카운트,595-81-02960,,(주)뉴진사이언스,김기환,"경기도 광명시 소하동 190,광명G타워 B동 921호","44,000","40,000","4,000",세금계산서,일반,ASP발급,,청구,csmail@ecounterp.com,NEWGENES@NEWGENESCI.COM,,2026-04-15,2026년 04월 사용료,,0,0,"40,000","4,000",
2026-04-13,20260413-41000009-a00001ov,2026-04-14,2026-04-15,160-86-00927,,(주)다윈바이오텍,김용문,"경기도 하남시 조정대로 150 (덕풍동, 아이테코) 607호",595-81-02960,,주식회사 뉴진사이언스,김기환,경기도 광명시 소하로 190 (소하동) 비동 9층 21호(광명G타워),"4,153,875","3,776,250","377,625",세금계산서,일반,ASP발급,,청구,sj.yoo@dawinbiotech.com,jason.kim@newgenesci.com,,2026-04-13,"[F0600-050] Fetal Bovine Serum, Premium, US Origin 외",,,,"3,776,250","377,625",
2026-04-13,20260413-10260413-99415196,2026-04-13,2026-04-13,489-57-00532,,비에스테크광명,이재호 외 1 명,"경기도 광명시 소하로 190, B동 920,921호(소하동, 광명G타워)",595-81-02960,,주식회사 뉴진사이언스,김기환,"경기도 광명시 소하로 190(소하동, 광명G타워)비동9층21호","1,100,000","1,000,000","100,000",세금계산서,일반,인터넷발급,,청구,gateman4@daum.net,newgenes@newgenesci.com,,2026-04-13,사무실 임대료,,,,"1,000,000","100,000",
2026-04-10,20260410-41000007-16772900,2026-04-10,2026-04-11,641-86-00839,,주식회사 엑소젠,조광호,"대전광역시 유성구 죽동로242번길 8-17,1층 102호",595-81-02960,,뉴진사이언스,김기환,"경기도 광명시 소하로 190, 광명 G타워 B동 921호 (소하동)","1,154,736","1,049,760","104,976",세금계산서,일반,ASP발급,,청구,xogenebio@xogenebio.com,newgenes@newgenesci.com,,2026-04-10,Gene Fragments without Adapters(300＜X≤3200)- Total 1ea,bp,940,120,"112,800","11,280",Q-633900
2026-04-10,20260410-41000007-16770928,2026-04-10,2026-04-11,641-86-00839,,주식회사 엑소젠,조광호,"대전광역시 유성구 죽동로242번길 8-17,1층 102호",595-81-02960,,뉴진사이언스,김기환,"경기도 광명시 소하로 190, 광명 G타워 B동 921호 (소하동)","1,067,616","970,560","97,056",세금계산서,일반,ASP발급,,청구,xogenebio@xogenebio.com,newgenes@newgenesci.com,,2026-04-10,Gene Fragments without Adapters(300＜X≤3200)- Total 3ea,bp,"8,088",120,"970,560","97,056",Q-630448
2026-04-09,20260409-41000008-fby7y7cu,2026-04-09,2026-04-10,130-81-49813,,청호나이스(주),지기원,충북 진천군 이월면 진광로 486,595-81-02960,,(주)뉴진사이언스,김기환,"경기 광명시 소하로 190 B동 9층 21호 (소하동, 광명G타워)","45,900","41,727","4,173",세금계산서,일반,ASP발급,국민은행 804010484951 /  당월 내 미납시 가산금이 부과됩니다. 계약:13-0230049-24-00282,청구,10238007@chungho.co.kr,newgenes@newgenesci.com,,2026-04-09,렌탈료,,1,0,"41,727","4,173",
2026-04-06,20260406-50000002-j0057467,2026-04-27,2026-04-28,102-81-42945,,주식회사 케이티,박윤영,경기도 성남시 분당구 불정로 90,595-81-02960,,주식회사뉴진사이언스,김기환,"경기 광명시 소하로 190 B동 921호 (소하동, 광명G타워)","42,768","38,880","3,888",세금계산서,일반,겸용서식발급,"84 KOS, 명세서번호(청구계약ID) : 76037059276, 매출기관(사업장) : P546173",청구,,,,,인터넷 베이직 (z!68194598000),,1,"38,880","38,880","3,888",
2026-04-03,20260403-50000008-41935000,2026-04-03,2026-05-06,104-81-37225,,에스케이텔레콤(주),정재헌,,595-81-02960,,주식회사 뉴진사이언스,김기환,"경기 광명시 소하로 190, 비동 21호(소하동)","77,155","70,142","7,013",세금계산서,일반,겸용서식발급,,청구,,,,2026-04-03,이동통신요금(01071698805),,0,0,"70,142","7,013",
2026-04-03,20260403-50000008-41896421,2026-04-03,2026-05-06,104-81-37225,,에스케이텔레콤(주),정재헌,,595-81-02960,,주식회사 뉴진사이언스,김기환,"경기 광명시 소하로 190, 비동 21호(소하동)","22,000","20,000","2,000",세금계산서,일반,겸용서식발급,,청구,,,,2026-04-03,이동통신요금(01224414997),,0,0,"20,000","2,000",
2026-04-03,20260403-10260403-87268939,2026-04-03,2026-04-03,204-16-78019,,아벨바이오,최일범,"서울특별시 중랑구 면목로 205, 2층(면목동)",595-81-02960,,뉴진사이언스,김기환,"경기도 광명시 소하로 190, 비동 9층 21호(소하 동,광명G타워)","127,050","115,500","11,550",세금계산서,일반,인터넷발급,,청구,abelbio2012@gmail.com,newgenes@newgenesci.com,,2026-04-03,50015(BX); RT; Conic...외  ,,,,"115,500","11,550",
2026-04-01,20260401-41000061-pgp8aigh,2026-04-02,2026-04-02,160-86-00927,,(주)다윈바이오텍,김용문,경기도 하남시 조정대로 150 (덕풍동) 아이테코 블루존 607호,595-81-02960,,주식회사 뉴진사이언스,김기환,"경기도 광명시 소하로 190, 비동 9층 21호","271,700","247,000","24,700",세금계산서,일반,ASP발급,,청구,admin@dawinbiotech.com,newgenes@newgenesci.com,,2026-04-01,♥[69504] DNeasy Blood & Tissue Kit (50),50/kit,1,"247,000","247,000","24,700",
2026-03-31,20260331-10260407-90168816,2026-04-07,2026-04-07,260-01-01461,,우정컴퍼니,김우태,"인천 서구 봉화로 18, 109동 302호",595-81-02960,,주식회사 뉴진사이언스,김기환,"경기도 광명시 소하로 190, 비동 9층 921호 소하동 광명G타워)","13,950","12,682","1,268",세금계산서,일반,인터넷발급,기업은행 686-029278-01-019 김우태(우정컴퍼니),청구,dnxkdcod3@naver.com,newgenes@newgenesci.com,,2026-03-31,3월택배비,,,,"8,591",859,
2026-03-30,20260330-41000007-16441670,2026-03-30,2026-03-31,641-86-00839,,주식회사 엑소젠,조광호,"대전광역시 유성구 죽동로242번길 8-17,1층 102호",595-81-02960,,뉴진사이언스,김기환,"경기도 광명시 소하로 190, 광명 G타워 B동 921호 (소하동)","1,392,996","1,266,360","126,636",세금계산서,일반,ASP발급,,청구,xogenebio@xogenebio.com,newgenes@newgenesci.com,,,Clonal Genes (300＜X≤1800) - Total 6ea,bp,"6,876",110,"756,360","75,636",
2026-03-30,20260330-10260330-78345223,2026-03-30,2026-03-30,158-81-02757,,주식회사 이스텍바이오,박승문,"전북특별자치도 전주시 덕진구 백제대로 567, 108호(금암동, 전북대학교농생명과학대학2호관)",595-81-02960,,주식회사 뉴진사이언스,김기환,"경기도 광명시 소하로 190, 비동 9층 21호(소하동, 광명G타워)","16,500,000","15,000,000","1,500,000",세금계산서,일반,인터넷발급,,청구,smpark@jbnu.ac.kr,newgenes@newgenesci.com,,2026-03-30,human Albumin,mg,10,"500,000","5,000,000","500,000",
2026-03-30,20260330-10260330-78065282,2026-03-30,2026-03-30,134-13-73811,,삼성오에이프라자,송동운,"경기도 안산시 단원구 별망로 555, 2층 231,232호(원시동, 타원TAKRA-V 지식산업센터)",595-81-02960,,(주)뉴진사이언스,김기환,경기도광명시소하로190.비동9층21호,"110,000","100,000","10,000",세금계산서,일반,인터넷발급,,청구,sdwxerox@hanmail.net,newgenes@newgenesci.com,,2026-03-30,복사기사용료,,,,"100,000","10,000",
2026-03-28,20260328-10260407-91903172,2026-04-07,2026-04-07,214-70-60653,,기업세무회계경영자문,강진현,"경기도 군포시 군포첨단산업2로7번길 8, 1318호(부곡동, 군포 에이스 더블유밸리)",595-81-02960,,주식회사뉴진사이언스,김기환,"경기 광명시 소하로 190 (소하동) 비동 9층 21호(소하동, 광명G타워)","132,000","120,000","12,000",세금계산서,일반,인터넷발급,,청구,kb01073658060@nate.com,,,2026-03-28,기장료,,,,"120,000","12,000",
2026-03-26,20260326-41000007-16382997,2026-03-26,2026-03-27,641-86-00839,,주식회사 엑소젠,조광호,"대전광역시 유성구 죽동로242번길 8-17,1층 102호",595-81-02960,,뉴진사이언스,김기환,"경기도 광명시 소하로 190, 광명 G타워 B동 921호 (소하동)","4,469,652","4,063,320","406,332",세금계산서,일반,ASP발급,,청구,xogenebio@xogenebio.com,newgenes@newgenesci.com,,,Gene Fragments with Adapters(300＜X≤3200) - Total 29ea,bp,"33,861",120,"4,063,320","406,332",Q-625079
2026-03-26,20260326-41000007-16382981,2026-03-26,2026-03-27,641-86-00839,,주식회사 엑소젠,조광호,"대전광역시 유성구 죽동로242번길 8-17,1층 102호",595-81-02960,,뉴진사이언스,김기환,"경기도 광명시 소하로 190, 광명 G타워 B동 921호 (소하동)","316,800","288,000","28,800",세금계산서,일반,ASP발급,,청구,xogenebio@xogenebio.com,newgenes@newgenesci.com,,,Gene Fragments without Adapters(300＜X≤3200)- Total 8ea,bp,"2,400",120,"288,000","28,800",Q-625077
2026-03-26,20260326-41000007-16382975,2026-03-26,2026-03-27,641-86-00839,,주식회사 엑소젠,조광호,"대전광역시 유성구 죽동로242번길 8-17,1층 102호",595-81-02960,,뉴진사이언스,김기환,"경기도 광명시 소하로 190, 광명 G타워 B동 921호 (소하동)","748,176","680,160","68,016",세금계산서,일반,ASP발급,,청구,xogenebio@xogenebio.com,newgenes@newgenesci.com,,,Gene Fragments with Adapters(3200＜X≤5000) - Total 1ea,bp,"4,251",160,"680,160","68,016",Q-626280
2026-03-23,20260323-41000085-00000147,2026-03-24,2026-03-24,119-19-49901,,성진정보텍,김성훈,"경기도 광명시 소하로190, 광명G타워 B동 901호",595-81-02960,,주식회사뉴진사이언스,김기환,"경기도 광명시 소하로190,비동9층21호","15,730","14,300","1,430",세금계산서,일반,ASP발급,,영수,sj8947060@naver.com,,,2026-03-23,성진정보텍,EA,1,"14,300","14,300","1,430",
2026-03-23,20260323-41000009-a00002nh,2026-03-23,2026-03-24,211-87-03011,,(주)메일플러그,안현석,서울강남구테헤란로78길16(대치동노벨빌딩8층),595-81-02960,,주식회사 뉴진사이언스,김기환,"경기도 광명시 소하로 190, 비동 9층21호(소하동 광명G타워)","213,840","194,400","19,440",세금계산서,일반,ASP발급,,영수,,khkimjhs@naver.com,,2026-03-23,기업메일 서비스,,,,"194,400","19,440",
2026-03-20,20260320-10260406-89675689,2026-04-06,2026-04-06,149-86-03645,,주식회사 제닉스바이오,박승문,"전북특별자치도 전주시 덕진구 백제대로 567, 110호(금암동, 농업생명과학대학2호관)",595-81-02960,,주식회사 뉴진사이언스,김기환,"경기도 광명시 소하로 190, 비동 9층 21호(소하동, 광명G타워)","13,200,000","12,000,000","1,200,000",세금계산서,일반,인터넷발급,,청구,smpark@jbnu.ac.kr,newgenes@newgenesci.com,,2026-03-20,Deinoxanthin 5,%,10,"300,000","3,000,000","300,000",
2026-03-19,20260319-41000021-b0001786,2026-03-19,2026-03-19,118-82-70725,,광명g타워,최형석,경기 광명시 소하로 190지타워,595-81-02960,,주식회사 뉴진사이언스,김기환,경기 광명시 소하로 190 비동 9층 21호,"377,860","343,510","34,350",세금계산서,일반,ASP발급,2026년02월 관리비 B동921호,청구,kmtower@navet.com,newgenes@newgenesci.com,,2026-03-19,2026년02월분 관리비 외,,0,0,"343,510","34,350",
2026-03-18,20260318-41000016-57096227,2026-03-18,2026-03-18,221-81-46179,,주식회사 코람바이오텍,김우석,강원특별자치도 춘천시 동내면 거두길 208-17,595-81-02960,,주식회사 뉴진사이언스(New Gene Science Inc.),김기환,경기도 광명시 소하로 190 (소하동) 비동 9층 21호,"3,709,750","3,372,500","337,250",세금계산서,일반,ASP발급,,청구,tax@kangwonbio.com,newgenes@newgenesci.com,,2026-03-18,Endoproteinase Lys-C,3 mg,2,"1,684,000","3,368,000","336,800",
2026-03-16,20260316-10260513-39554693,2026-05-13,2026-05-13,158-81-02757,,주식회사 이스텍바이오,박승문,"전북특별자치도 전주시 덕진구 백제대로 567, 108호(금암동, 전북대학교농생명과학대학2호관)",595-81-02960,,주식회사 뉴진사이언스,김기환,"경기도 광명시 소하로 190, 비동 9층 21호(소하동, 광명G타워)","5,500,000","5,000,000","500,000",수정세금계산서,일반(수정),인터넷발급,당초 승인번호 (20260316-10260513-39542625),청구,smpark@jbnu.ac.kr,newgenes@newgenesci.com,,2026-03-16,Human EGF,mg,10,"500,000","5,000,000","500,000",
2026-03-16,20260316-10260513-39554692,2026-05-13,2026-05-13,158-81-02757,,주식회사 이스텍바이오,박승문,"전북특별자치도 전주시 덕진구 백제대로 567, 108호(금암동, 전북대학교농생명과학대학2호관)",595-81-02960,,주식회사 뉴진사이언스,김기환,"경기도 광명시 소하로 190, 비동 9층 21호(소하동, 광명G타워)","-27,500,000","-25,000,000","-2,500,000",수정세금계산서,일반(수정),인터넷발급,당초 승인번호 (20260316-10260513-39542625),청구,smpark@jbnu.ac.kr,newgenes@newgenesci.com,,2026-03-16,Human EGF,mg,-50,"500,000","-25,000,000","-2,500,000",
2026-03-16,20260316-10260513-39542625,2026-05-13,2026-05-13,158-81-02757,,주식회사 이스텍바이오,박승문,"전북특별자치도 전주시 덕진구 백제대로 567, 108호(금암동, 전북대학교농생명과학대학2호관)",595-81-02960,,주식회사 뉴진사이언스,김기환,"경기도 광명시 소하로 190, 비동 9층 21호(소하동, 광명G타워)","27,500,000","25,000,000","2,500,000",수정세금계산서,일반(수정),인터넷발급,당초 승인번호 (20260316-10260406-88658019),청구,smpark@jbnu.ac.kr,newgenes@newgenesci.com,,2026-03-16,Human EGF,mg,50,"500,000","25,000,000","2,500,000",
2026-03-16,20260316-10260513-39542624,2026-05-13,2026-05-13,158-81-02757,,주식회사 이스텍바이오,박승문,"전북특별자치도 전주시 덕진구 백제대로 567, 108호(금암동, 전북대학교농생명과학대학2호관)",595-81-02960,,주식회사 뉴진사이언스,김기환,"경기도 광명시 소하로 190, 비동 9층 21호(소하동, 광명G타워)","-44,000,000","-40,000,000","-4,000,000",수정세금계산서,일반(수정),인터넷발급,당초 승인번호 (20260316-10260406-88658019),청구,smpark@jbnu.ac.kr,newgenes@newgenesci.com,,2026-03-16,Human EGF,mg,-50,"500,000","-25,000,000","-2,500,000",
2026-03-16,20260316-10260406-88658019,2026-04-06,2026-04-06,158-81-02757,,주식회사 이스텍바이오,박승문,"전북특별자치도 전주시 덕진구 백제대로 567, 108호(금암동, 전북대학교농생명과학대학2호관)",595-81-02960,,주식회사 뉴진사이언스,김기환,"경기도 광명시 소하로 190, 비동 9층 21호(소하동, 광명G타워)","44,000,000","40,000,000","4,000,000",세금계산서,일반,인터넷발급,,청구,smpark@jbnu.ac.kr,newgenes@newgenesci.com,,2026-03-16,Human EGF,mg,50,"500,000","25,000,000","2,500,000",
2026-03-16,20260316-10260323-73113682,2026-03-23,2026-03-23,147-37-01022,,펌킨바이오,이현혜,"서울특별시 성북구 장월로23길 32, 1층 4호(장위동)",595-81-02960,,주식회사 뉴진사이언스(New Gene Science Inc.),김기환,"경기도 광명시 소하로 190, 비동 9층 21호(소하동,광명G타워)","20,328,000","18,480,000","1,848,000",세금계산서,일반,인터넷발급,,청구,heon0679@naver.com,NEWGENES@NEWGENESCI.com,,2026-03-16,양이온 압타머 비드 외 3종,,,,"18,480,000","1,848,000",
2026-03-15,20260315-41000061-sofg3872,2026-03-17,2026-03-17,220-81-65848,,(주)이카운트,김신래,서울특별시 강동구 고덕비즈밸리로6길 84 (고덕동) 이카운트,595-81-02960,,(주)뉴진사이언스,김기환,"경기도 광명시 소하동 190,광명G타워 B동 921호","44,000","40,000","4,000",세금계산서,일반,ASP발급,,청구,csmail@ecounterp.com,NEWGENES@NEWGENESCI.COM,,2026-03-15,2026년 03월 사용료,,0,0,"40,000","4,000",
2026-03-15,20260315-10260326-76156427,2026-03-26,2026-03-26,214-70-60653,,기업세무회계,강진현,"경기도 군포시 군포첨단산업2로7번길 8,1318호 일부",595-81-02960,,주식회사뉴진사이언스,김기환,"경기 광명시 소하로 190 (소하동) 비동 9층 21호(소하동, 광명G타워)","2,200,000","2,000,000","200,000",세금계산서,일반,인터넷발급,법인조정료,청구,,,,2026-03-15,법인조정료,,,,"2,000,000","200,000",
2026-03-13,20260313-41000061-dnt1nuji,2026-03-17,2026-03-17,160-86-00927,,(주)다윈바이오텍,김용문,경기도 하남시 조정대로 150 (덕풍동) 아이테코 블루존 607호,595-81-02960,,주식회사 뉴진사이언스,김기환,"경기도 광명시 소하로 190, 비동 9층 21호","1,210,000","1,100,000","110,000",세금계산서,일반,ASP발급,,청구,admin@dawinbiotech.com,newgenes@newgenesci.com,,2026-03-13,"♥[3125000052] Research plus 8ch, 30-300ul, Tip box 포함",ea,1,"1,100,000","1,100,000","110,000",
2026-03-11,20260311-41000061-a5q4bd5e,2026-03-11,2026-03-11,137-81-54603,,주식회사동재산업,홍순용,경기도 김포시 통진읍 가현로85번길99-77,595-81-02960,,주)뉴진사이언스,김기환,"경기도 광명시 소하로 190, 비동9층21호","363,000","330,000","33,000",세금계산서,일반,ASP발급,,청구,ilpico@naver.com,newgenes@newgenesci.com,,2026-03-11,작업대/ WTB,630*750*500,1,"330,000","330,000","33,000",
2026-03-11,20260311-10260312-67799068,2026-03-12,2026-03-12,489-57-00532,,비에스테크광명,이재호 외 1 명,"경기도 광명시 소하로 190, B동 920,921호(소하동, 광명G타워)",595-81-02960,,주식회사 뉴진사이언스,김기환,"경기도 광명시 소하로 190(소하동, 광명G타워)비동9층21호","1,100,000","1,000,000","100,000",세금계산서,일반,인터넷발급,,청구,gateman4@daum.net,newgenes@newgenesci.com,,2026-03-11,사무실 임대료,,,,"1,000,000","100,000",
2026-03-10,20260310-41000016-57005424,2026-03-12,2026-03-12,221-81-46179,,주식회사 코람바이오텍,김우석,강원특별자치도 춘천시 동내면 거두길 208-17,595-81-02960,,주식회사 뉴진사이언스(New Gene Science Inc.),김기환,경기도 광명시 소하로 190 (소하동) 비동 9층 21호,"337,700","307,000","30,700",세금계산서,일반,ASP발급,,청구,tax@kangwonbio.com,newgenes@newgenesci.com,,2026-03-10,RIPA Lysis and Extraction Buffer,250 mL,1,"307,000","307,000","30,700",
2026-03-10,20260310-41000008-0008nnbb,2026-03-10,2026-03-11,138-81-79437,,주식회사 엠비아이코리아,임종규,"경기도 안양시 동안구 흥안대로427번길  16 (관양동) 607,608호",595-81-02960,,주식회사 뉴진사이언스(New Gene Science Inc.),김기환,"경기도 광명시 소하로 190, 비동 9층 21호(소하동,광명G타워)","605,000","550,000","55,000",세금계산서,일반,ASP발급,,청구,mbi@mbikorea.com,newgenes@newgenesci.com,,2026-03-10,pH Sensor,LE 438,1,"550,000","550,000","55,000",
2026-03-10,20260310-10260310-66470615,2026-03-10,2026-03-10,204-16-78019,,아벨바이오,최일범,"서울특별시 중랑구 면목로 205, 2층(면목동)",595-81-02960,,뉴진사이언스,김기환,"경기도 광명시 소하로 190, 비동 9층 21호(소하 동,광명G타워)","110,814","100,740","10,074",세금계산서,일반,인터넷발급,,청구,abelbio2012@gmail.com,newgenes@newgenesci.com,,2026-03-10,30006(BX); RT; Cell ...외 ,,,,"100,740","10,074",
2026-03-09,20260309-41000008-fby7vger,2026-03-09,2026-03-10,130-81-49813,,청호나이스(주),지기원,충북 진천군 이월면 진광로 486,595-81-02960,,(주)뉴진사이언스,김기환,"경기 광명시 소하로 190 B동 9층 21호 (소하동, 광명G타워)","45,900","41,727","4,173",세금계산서,일반,ASP발급,국민은행 804010484951 /  당월 내 미납시 가산금이 부과됩니다. 계약:13-0230049-24-00282,청구,10238007@chungho.co.kr,newgenes@newgenesci.com,,2026-03-09,렌탈료,,1,0,"41,727","4,173",
2026-03-06,20260306-50000002-f6519122,2026-03-27,2026-03-27,102-81-42945,,주식회사 케이티,김영섭,경기도 성남시 분당구 불정로 90,595-81-02960,,주식회사뉴진사이언스,김기환,"경기 광명시 소하로 190 B동 921호 (소하동, 광명G타워)","43,599","39,636","3,963",세금계산서,일반,겸용서식발급,"84 KOS, 명세서번호(청구계약ID) : 76037059276, 매출기관(사업장) : P546173",청구,,,,,인터넷 베이직 (z!68194598000),,1,"39,636","39,636","3,963",
2026-03-04,20260304-41000008-0008kgm4,2026-03-04,2026-03-05,857-85-01983,,디케이에스에이치 코리아(주) 구로지점,KIM GYE RIM,"서울특별시 구로구 디지털로34길 43, 12층(구로동, 코오롱싸이언스밸리1차)",595-81-02960,,주식회사 뉴진사이언스(New Gene Science Inc.),김기환,"경기도 광명시 소하로 190, 비동 9층 21호(소하동, 광명G타워)","1,345,300","1,223,000","122,300",세금계산서,일반,ASP발급,KR40,영수,euna.lee@dksh.com,newgenes@newgenesci.com,,2026-03-04,[EG)LC163] Twin Pack Purification Cartri,EA,1,"945,000","945,000","94,500",
2026-03-04,20260304-41000007-16020364,2026-03-04,2026-03-05,641-86-00839,,주식회사 엑소젠,조광호,"대전광역시 유성구 죽동로242번길 8-17,1층 102호",595-81-02960,,뉴진사이언스,김기환,"경기도 광명시 소하로 190, 광명 G타워 B동 921호 (소하동)","95,832","87,120","8,712",세금계산서,일반,ASP발급,,청구,xogenebio@xogenebio.com,newgenes@newgenesci.com,,,Gene Fragments with Adapters(300＜X≤3200) - Total 1ea,bp,726,120,"87,120","8,712",Q-615761
2026-03-03,20260303-50000008-41403920,2026-03-03,2026-04-06,104-81-37225,,에스케이텔레콤(주),유영상,,595-81-02960,,주식회사 뉴진사이언스,김기환,"경기 광명시 소하로 190, 비동 21호(소하동)","22,000","20,000","2,000",세금계산서,일반,겸용서식발급,,청구,,,,2026-03-03,이동통신요금(01224414997),,0,0,"20,000","2,000",
2026-03-03,20260303-50000008-41385106,2026-03-03,2026-04-06,104-81-37225,,에스케이텔레콤(주),유영상,,595-81-02960,,주식회사 뉴진사이언스,김기환,"경기 광명시 소하로 190, 비동 21호(소하동)","77,155","70,142","7,013",세금계산서,일반,겸용서식발급,,청구,,,,2026-03-03,이동통신요금(01071698805),,0,0,"70,142","7,013",
2026-02-28,20260228-10260308-61602624,2026-03-08,2026-03-08,260-01-01461,,우정컴퍼니,김우태,"인천 서구 봉화로 18, 109동 302호",595-81-02960,,주식회사 뉴진사이언스,김기환,"경기도 광명시 소하로 190, 비동 9층 921호 소하동 광명G타워)","10,800","9,818",982,세금계산서,일반,인터넷발급,기업은행 686-029278-01-019 김우태(우정컴퍼니),청구,dnxkdcod3@naver.com,newgenes@newgenesci.com,,2026-02-28,2월택배비,,,,"5,727",573,
2026-02-28,20260228-10260307-61085388,2026-03-07,2026-03-07,214-70-60653,,기업세무회계경영자문,강진현,"경기도 군포시 군포첨단산업2로7번길 8, 1318호(부곡동, 군포 에이스 더블유밸리)",595-81-02960,,주식회사뉴진사이언스,김기환,"경기 광명시 소하로 190 (소하동) 비동 9층 21호(소하동, 광명G타워)","132,000","120,000","12,000",세금계산서,일반,인터넷발급,,청구,kb01073658060@nate.com,,,2026-02-28,기장료,,,,"120,000","12,000",
2026-02-27,20260227-10260513-39558416,2026-05-13,2026-05-13,158-81-02757,,주식회사 이스텍바이오,박승문,"전북특별자치도 전주시 덕진구 백제대로 567, 108호(금암동, 전북대학교농생명과학대학2호관)",595-81-02960,,주식회사 뉴진사이언스,김기환,"경기도 광명시 소하로 190, 비동 9층 21호(소하동, 광명G타워)","22,000,000","20,000,000","2,000,000",세금계산서,일반,인터넷발급,,청구,smpark@jbnu.ac.kr,newgenes@newgenesci.com,,2026-02-27,Human EGF,mg,40,"500,000","20,000,000","2,000,000",
2026-02-27,20260227-10260227-49558714,2026-02-27,2026-02-27,134-13-73811,,삼성오에이프라자,송동운,"경기도 안산시 단원구 별망로 555, 2층 231,232호(원시동, 타원TAKRA-V 지식산업센터)",595-81-02960,,(주)뉴진사이언스,김기환,경기도광명시소하로190.비동9층21호,"110,000","100,000","10,000",세금계산서,일반,인터넷발급,,청구,sdwxerox@hanmail.net,newgenes@newgenesci.com,,2026-02-27,복사기사용료,,,,"100,000","10,000",
2026-02-24,20260224-41000061-k7et2hil,2026-02-24,2026-02-24,763-81-00487,,(주)엘피에스솔루션,김천기,대전광역시 대덕구 덕암로148번길29 (상서동),595-81-02960,,주식회사 뉴진사이언스(New Gene Science Inc.),김기환,경기도 광명시 소하로 190 (소하동) 비동 9층 21호(광명G타워),"440,000","400,000","40,000",세금계산서,일반,ASP발급,,청구,lpss56789@naver.com,newgenes@newgenesci.com,,2026-02-24,EXCELL SL Single Channel Pipettes Starter Kit (Single Channel Pipettes 4자루 + Pipettes Stand),4EA/Pack (LPS),1,"400,000","400,000","40,000",
2026-02-23,20260223-41000085-00002394,2026-02-24,2026-02-24,119-19-49901,,성진정보텍,김성훈,"경기도 광명시 소하로190, 광명G타워 B동 901호",595-81-02960,,주식회사뉴진사이언스,김기환,"경기도 광명시 소하로190,비동9층21호","15,730","14,300","1,430",세금계산서,일반,ASP발급,,영수,sj8947060@naver.com,,,2026-02-23,성진정보텍,EA,1,"14,300","14,300","1,430",
2026-02-20,20260220-41000007-15774162,2026-02-20,2026-02-21,641-86-00839,,주식회사 엑소젠,조광호,"대전광역시 유성구 죽동로242번길 8-17,1층 102호",595-81-02960,,뉴진사이언스,김기환,"경기도 광명시 소하로 190, 광명 G타워 B동 921호 (소하동)","55,770","50,700","5,070",세금계산서,일반,ASP발급,,청구,xogenebio@xogenebio.com,newgenes@newgenesci.com,,,Gene Fragments with Adapters(300＜X≤3200) - Total 1ea,bp,507,100,"50,700","5,070",Q-610473
2026-02-19,20260219-41000021-a0031170,2026-02-19,2026-02-19,118-82-70725,,광명G타워,최형석,"경기 광명시 소하로 190경기 광명시 소하로 190 소하동,광명G타워",595-81-02960,,주식회사 뉴진사이언스,김기환,경기 광명시 소하로 190 비동 9층 21호,"430,680","391,530","39,150",세금계산서,일반,ASP발급,2026년01월 관리비 B동921호,청구,kmgtower@naver.com,newgenes@newgenesci.com,,2026-02-19,2026년01월분 관리비 외,,0,0,"391,530","39,150",
2026-02-19,20260219-41000007-15752517,2026-02-19,2026-02-20,641-86-00839,,주식회사 엑소젠,조광호,"대전광역시 유성구 죽동로242번길 8-17,1층 102호",595-81-02960,,뉴진사이언스,김기환,"경기도 광명시 소하로 190, 광명 G타워 B동 921호 (소하동)","453,552","412,320","41,232",세금계산서,일반,ASP발급,,청구,xogenebio@xogenebio.com,newgenes@newgenesci.com,,,Clonal Genes (1800＜X≤3200) - Total 1ea,bp,"2,102",160,"336,320","33,632",Q-605647
2026-02-19,20260219-41000007-15752503,2026-02-19,2026-02-20,641-86-00839,,주식회사 엑소젠,조광호,"대전광역시 유성구 죽동로242번길 8-17,1층 102호",595-81-02960,,뉴진사이언스,김기환,"경기도 광명시 소하로 190, 광명 G타워 B동 921호 (소하동)","3,045,768","2,768,880","276,888",세금계산서,일반,ASP발급,,청구,xogenebio@xogenebio.com,newgenes@newgenesci.com,,,Clonal Genes (300＜X≤1800) - Total 12ea,bp,"15,408",110,"1,694,880","169,488",Q-603555
2026-02-19,20260219-41000007-15752484,2026-02-19,2026-02-20,641-86-00839,,주식회사 엑소젠,조광호,"대전광역시 유성구 죽동로242번길 8-17,1층 102호",595-81-02960,,뉴진사이언스,김기환,"경기도 광명시 소하로 190, 광명 G타워 B동 921호 (소하동)","1,082,488","984,080","98,408",세금계산서,일반,ASP발급,,청구,xogenebio@xogenebio.com,newgenes@newgenesci.com,,,Clonal Genes (300＜X≤1800) - Total 6ea,bp,"3,788",160,"606,080","60,608",Q-603689
2026-02-15,20260215-41000061-dhhqmf95,2026-02-15,2026-02-15,220-81-65848,,(주)이카운트,김신래,서울특별시 강동구 고덕비즈밸리로6길 84 (고덕동) 이카운트,595-81-02960,,(주)뉴진사이언스,김기환,"경기도 광명시 소하동 190,광명G타워 B동 921호","44,000","40,000","4,000",세금계산서,일반,ASP발급,,청구,csmail@ecounterp.com,NEWGENES@NEWGENESCI.COM,,2026-02-15,2026년 02월 사용료,,0,0,"40,000","4,000",
2026-02-13,20260213-41000007-15726531,2026-02-13,2026-02-14,641-86-00839,,주식회사 엑소젠,조광호,"대전광역시 유성구 죽동로242번길 8-17,1층 102호",595-81-02960,,뉴진사이언스,김기환,"경기도 광명시 소하로 190, 광명 G타워 B동 921호 (소하동)","2,601,632","2,365,120","236,512",세금계산서,일반,ASP발급,,청구,xogenebio@xogenebio.com,newgenes@newgenesci.com,,,Clonal Genes (1800＜X≤3200) - Total 5ea,bp,"12,407",160,"1,985,120","198,512",Q-603802
2026-02-13,20260213-10260213-43123765,2026-02-13,2026-02-13,768-54-00244,,에픽사이언스,정상훈,"대전광역시 유성구 죽동로298번길 27-8, 101호(죽동)",595-81-02960,,주식회사 뉴진사이언스,김기환,"경기도 광명시 소하로 190, 비동 9층 21호","880,000","800,000","80,000",세금계산서,일반,인터넷발급,,청구,jsh@epicscience.co.kr,newgenes@newgenesci.com,jason.kim@newgenesci.com,2026-02-13,Ultra pure water System A/S Charge,TSS-ASC,1,"800,000","800,000","80,000",
2026-02-12,20260212-41000016-56246130,2026-02-13,2026-02-13,221-81-46179,,주식회사 코람바이오텍,김우석,강원특별자치도 춘천시 동내면 거두길 208-17,595-81-02960,,주식회사 뉴진사이언스(New Gene Science Inc.),김기환,경기도 광명시 소하로 190 (소하동) 비동 9층 21호,"257,400","234,000","23,400",세금계산서,일반,ASP발급,,청구,tax@kangwonbio.com,newgenes@newgenesci.com,,2026-02-12,BCA Protein Assay Reagent A,1 L,1,"234,000","234,000","23,400",
2026-02-11,20260211-41000026-zzzq8wsr,2026-02-11,2026-02-11,124-86-50983,,주식회사 파워랩,임형복,"경기도 수원시 권선구 당진로 20 (당수동, 당수프라자 205호~206호)",595-81-02960,,(주)뉴진사이언스,김기환,경기도 광명시 소하로 190 (소하동) B동 921호,"3,300,000","3,000,000","300,000",세금계산서,일반,ASP발급,,청구,info@e-powerlab.co.kr,newgenes@newgenesci.com,,2026-02-11,AMPure XP 60mL,A63881,2,"1,500,000","3,000,000","300,000",
2026-02-11,20260211-41000016-56229631,2026-02-12,2026-02-12,221-81-46179,,주식회사 코람바이오텍,김우석,강원특별자치도 춘천시 동내면 거두길 208-17,595-81-02960,,주식회사 뉴진사이언스(New Gene Science Inc.),김기환,경기도 광명시 소하로 190 (소하동) 비동 9층 21호,"157,850","143,500","14,350",세금계산서,일반,ASP발급,,청구,tax@kangwonbio.com,newgenes@newgenesci.com,,2026-02-11,m-IgGκ BP-HRP,200 μg/0.5 ml,1,"139,000","139,000","13,900",
2026-02-11,20260211-10260211-41500126,2026-02-11,2026-02-11,489-57-00532,,비에스테크광명,이재호 외 1 명,"경기도 광명시 소하로 190, B동 920,921호(소하동, 광명G타워)",595-81-02960,,주식회사 뉴진사이언스,김기환,"경기도 광명시 소하로 190(소하동, 광명G타워)비동9층21호","1,100,000","1,000,000","100,000",세금계산서,일반,인터넷발급,,청구,gateman4@daum.net,newgenes@newgenesci.com,,2026-02-11,사무실임대료,,,,"1,000,000","100,000",
2026-02-10,20260210-10260210-40413713,2026-02-10,2026-02-10,215-20-11015,,휴바이오,정유정,"경기도 고양시 일산서구 송포로 207, 704동 903호(가좌동, 가좌마을)",595-81-02960,,주식회사 뉴진사이언스,김기환,"경기도 광명시 소하로 190,비동 9층 21호(소하동, 광명G타워)","1,100,000","1,000,000","100,000",세금계산서,일반,인터넷발급,,청구,transacting@empal.com,newgenes@newgenesci.com,,2026-02-10,Qiagen 74104 RNeasy mini kit 외 1,,,,"1,000,000","100,000",
2026-02-09,20260209-41000008-fby7t17f,2026-02-09,2026-02-10,130-81-49813,,청호나이스(주),지기원,충북 진천군 이월면 진광로 486,595-81-02960,,(주)뉴진사이언스,김기환,"경기 광명시 소하로 190 B동 9층 21호 (소하동, 광명G타워)","45,900","41,727","4,173",세금계산서,일반,ASP발급,국민은행 804010484951 /  당월 내 미납시 가산금이 부과됩니다. 계약:13-0230049-24-00282,청구,10238007@chungho.co.kr,newgenes@newgenesci.com,,2026-02-09,렌탈료,,1,0,"41,727","4,173",
2026-02-07,20260207-50000002-f4581935,2026-02-27,2026-02-27,102-81-42945,,주식회사 케이티,김영섭,경기도 성남시 분당구 불정로 90,595-81-02960,,주식회사뉴진사이언스,김기환,"경기 광명시 소하로 190 B동 921호 (소하동, 광명G타워)","43,953","39,958","3,995",세금계산서,일반,겸용서식발급,"84 KOS, 명세서번호(청구계약ID) : 76037059276, 매출기관(사업장) : P546173",청구,,,,,인터넷 베이직 (z!68194598000),,1,"39,958","39,958","3,995",
2026-02-05,20260205-41000007-15544376,2026-02-05,2026-02-06,641-86-00839,,주식회사 엑소젠,조광호,"대전광역시 유성구 죽동로242번길 8-17,1층 102호",595-81-02960,,뉴진사이언스,김기환,"경기도 광명시 소하로 190, 광명 G타워 B동 921호 (소하동)","1,984,752","1,804,320","180,432",세금계산서,일반,ASP발급,,청구,xogenebio@xogenebio.com,newgenes@newgenesci.com,,,Gene Fragments without Adapters(300＜X≤3200)- Total 7ea,bp,"11,291",120,"1,354,920","135,492",Q-601073
2026-02-05,20260205-41000007-15544356,2026-02-05,2026-02-06,641-86-00839,,주식회사 엑소젠,조광호,"대전광역시 유성구 죽동로242번길 8-17,1층 102호",595-81-02960,,뉴진사이언스,김기환,"경기도 광명시 소하로 190, 광명 G타워 B동 921호 (소하동)","464,508","422,280","42,228",세금계산서,일반,ASP발급,,청구,xogenebio@xogenebio.com,newgenes@newgenesci.com,,,Gene Fragments with Adapters(300＜X≤3200) - Total 3ea,bp,"3,519",120,"422,280","42,228",Q-599405
2026-02-04,20260204-41000007-15504662,2026-02-04,2026-02-05,641-86-00839,,주식회사 엑소젠,조광호,"대전광역시 유성구 죽동로242번길 8-17,1층 102호",595-81-02960,,뉴진사이언스,김기환,"경기도 광명시 소하로 190, 광명 G타워 B동 921호 (소하동)","1,508,760","1,371,600","137,160",세금계산서,일반,ASP발급,,청구,xogenebio@xogenebio.com,newgenes@newgenesci.com,,,Clonal Genes (300＜X≤1800) - Total 3ea,bp,"4,860",160,"777,600","77,760",Q-596927
2026-02-03,20260203-50000008-40743160,2026-02-03,2026-03-06,104-81-37225,,에스케이텔레콤(주),유영상,,595-81-02960,,주식회사 뉴진사이언스,김기환,"경기 광명시 소하로 190, 비동 21호(소하동)","77,155","70,142","7,013",세금계산서,일반,겸용서식발급,,청구,,,,2026-02-03,이동통신요금(01071698805),,0,0,"70,142","7,013",
2026-02-03,20260203-50000008-40704554,2026-02-03,2026-03-06,104-81-37225,,에스케이텔레콤(주),유영상,,595-81-02960,,주식회사 뉴진사이언스,김기환,"경기 광명시 소하로 190, 비동 21호(소하동)","22,000","20,000","2,000",세금계산서,일반,겸용서식발급,,청구,,,,2026-02-03,이동통신요금(01224414997),,0,0,"20,000","2,000",
2026-02-03,20260203-41000007-15458694,2026-02-03,2026-02-04,641-86-00839,,주식회사 엑소젠,조광호,"대전광역시 유성구 죽동로242번길 8-17,1층 102호",595-81-02960,,뉴진사이언스,김기환,"경기도 광명시 소하로 190, 광명 G타워 B동 921호 (소하동)","1,392,600","1,266,000","126,600",세금계산서,일반,ASP발급,,청구,xogenebio@xogenebio.com,newgenes@newgenesci.com,,,Clonal Genes (300＜X≤1800) - Total 3ea,bp,"4,200",160,"672,000","67,200",Q-596454
2026-01-31,20260131-10260207-35087774,2026-02-07,2026-02-07,260-01-01461,,우정컴퍼니,김우태,"인천 서구 봉화로 18, 109동 302호",595-81-02960,,주식회사 뉴진사이언스,김기환,"경기도 광명시 소하로 190, 비동 9층 921호 소하동 광명G타워)","6,300","5,727",573,세금계산서,일반,인터넷발급,기업은행 686-029278-01-019 김우태(우정컴퍼니),청구,dnxkdcod3@naver.com,newgenes@newgenesci.com,,2026-01-31,1월택배비,,,,"5,727",573,
2026-01-30,20260130-41000061-7qe9darc,2026-01-30,2026-01-30,137-81-54603,,주식회사동재산업,홍순용,경기도 김포시 통진읍 가현로85번길99-77,595-81-02960,,주)뉴진사이언스,김기환,"경기도 광명시 소하로 190, 비동9층21호","627,000","570,000","57,000",세금계산서,일반,ASP발급,,청구,ilpico@naver.com,newgenes@newgenesci.com,,2026-01-30,인큐베이터 받침대,1200*700*800,1,"510,000","510,000","51,000",
2026-01-30,20260130-10260513-39546595,2026-05-13,2026-05-13,158-81-02757,,주식회사 이스텍바이오,박승문,"전북특별자치도 전주시 덕진구 백제대로 567, 108호(금암동, 전북대학교농생명과학대학2호관)",595-81-02960,,주식회사 뉴진사이언스,김기환,"경기도 광명시 소하로 190, 비동 9층 21호(소하동, 광명G타워)","16,500,000","15,000,000","1,500,000",세금계산서,일반,인터넷발급,,청구,smpark@jbnu.ac.kr,newgenes@newgenesci.com,,2026-01-30,human FGF2,mg,20,"500,000","10,000,000","1,000,000",
2026-01-30,20260130-10260130-23345831,2026-01-30,2026-01-30,134-13-73811,,삼성오에이프라자,송동운,"경기도 안산시 단원구 별망로 555, 2층 231,232호(원시동, 타원TAKRA-V 지식산업센터)",595-81-02960,,(주)뉴진사이언스,김기환,경기도광명시소하로190.비동9층21호,"110,000","100,000","10,000",세금계산서,일반,인터넷발급,,청구,sdwxerox@hanmail.net,newgenes@newgenesci.com,,2026-01-30,복사기사용료,,,,"100,000","10,000",
2026-01-29,20260129-10260129-23200667,2026-01-29,2026-01-29,275-88-02444,,"주식회사 지티과학(GTscience Co.,Ltd)",진평호,"경기도 하남시 미사대로 520, 씨에이동 8층 A031호(덕풍동, 현대지식산업센터 한강미사2차(25BL))",595-81-02960,,주식회사 뉴진사이언스,김기환,"경기도 광명시 소하로 190, 비동 9층 21호(소하동, 광명G타워)","490,600","446,000","44,600",세금계산서,일반,인터넷발급,,청구,,newgenes@newgenesci.com,,2026-01-29,(Sigma) T9424-100ML - TRI Reagent®,100ML,1,"446,000","446,000","44,600",
2026-01-28,20260128-41000096-20999111,2026-01-28,2026-01-29,229-81-08112,,(주)나노엔텍 본사,정찬일,서울시 구로구 구로3동 235-2 에이스하이엔드타워 1210호,595-81-02960,,주식회사 뉴진사이언스,김기환,"경기도 광명시 소하로 190 비동 9층 21호 (소하동, 광명G타워)","616,000","560,000","56,000",세금계산서,일반,ASP발급,,청구,joyhan@nanoentek.com,newgenes@newgenesci.com,,2026-01-28,ExTransfection Tube,EXT50T,2,"280,000","560,000","56,000",
2026-01-28,20260128-41000061-9r39tril,2026-01-29,2026-01-29,567-88-03231,,디에이치랩 주식회사,한아름,경기도 안산시 단원구 신길동 1229 리드 스마트스퀘어 지식산업센터 F-326호,595-81-02960,,주식회사 뉴진사이언스,김기환,"경기도 광명시 소하로 190, 비동 9층 21호(소하동, 광명G타워)","19,635,000","17,850,000","1,785,000",세금계산서,일반,ASP발급,,청구,,newgenes@newgenesci.com,,2026-01-28,양이온 압타머 비드 (FA-Mx101),,8,"2,100,000","16,800,000","1,680,000",
2026-01-28,20260128-10260208-35609171,2026-02-08,2026-02-08,214-70-60653,,기업세무회계경영자문,강진현,"경기도 군포시 군포첨단산업2로7번길 8, 1318호(부곡동, 군포 에이스 더블유밸리)",595-81-02960,,주식회사뉴진사이언스,김기환,"경기 광명시 소하로 190 (소하동) 비동 9층 21호(소하동, 광명G타워)","132,000","120,000","12,000",세금계산서,일반,인터넷발급,,청구,kb01073658060@nate.com,,,2026-01-28,기장료,,,,"120,000","12,000",
2026-01-27,20260127-41000061-vhhp1965,2026-01-27,2026-01-27,641-87-00253,,오아텍(주),장균석,전라남도 장성군 진원면 원용산로 210,595-81-02960,,주식회사 뉴진사이언스 (New Gene Science Inc.),김기환,"경기도 광명시 소하로 190, 비동 9층 21호 (소하동, 광명G타워)","220,000","200,000","20,000",세금계산서,일반,ASP발급,,청구,,newgenes@newgenesci.com,,2026-01-27,(-)-Blebbistatin,25 mg,1,"200,000","200,000","20,000",
2026-01-26,20260126-41000061-2h3orb54,2026-01-27,2026-01-27,135-86-38204,,(주)바이오솔루션,피경태,경기도 수원시 영통구 대학4로 17 (이의동)  에이스광교타워1 318호,595-81-02960,,주식회사 뉴진사이언스,김기환,경기도 광명시 소하로 190 (소하동) 비동 9층 21호,"231,605","210,550","21,055",세금계산서,일반,ASP발급,,영수,order@bio-solution.co.kr,newgenes@newgenesci.com,,2026-01-26,10X TBS,1000ml,3,"68,850","206,550","20,655",
2026-01-23,20260123-41000085-00000249,2026-01-26,2026-01-26,119-19-49901,,성진정보텍,김성훈,"경기도 광명시 소하로190, 광명G타워 B동 901호",595-81-02960,,주식회사뉴진사이언스,김기환,"경기도 광명시 소하로190,비동9층21호","15,730","14,300","1,430",세금계산서,일반,ASP발급,,영수,sj8947060@naver.com,,,2026-01-23,성진정보텍,EA,1,"14,300","14,300","1,430",
2026-01-23,20260123-10260123-19422992,2026-01-23,2026-01-23,275-88-02444,,"주식회사 지티과학(GTscience Co.,Ltd)",진평호,"경기도 하남시 미사대로 520, 씨에이동 8층 A031호(덕풍동, 현대지식산업센터 한강미사2차(25BL))",595-81-02960,,주식회사 뉴진사이언스,김기환,"경기도 광명시 소하로 190, 비동 9층 21호(소하동, 광명G타워)","545,600","496,000","49,600",세금계산서,일반,인터넷발급,,청구,,newgenes@newgenesci.com,,2026-01-23,(Sigma) 10708984001 - DTT,10 g,2,"248,000","496,000","49,600",
2026-01-22,20260122-41000007-15207562,2026-01-22,2026-01-23,641-86-00839,,주식회사 엑소젠,조광호,"대전광역시 유성구 죽동로242번길 8-17,1층 102호",595-81-02960,,뉴진사이언스,김기환,"경기도 광명시 소하로 190, 광명 G타워 B동 921호 (소하동)","101,772","92,520","9,252",세금계산서,일반,ASP발급,,청구,xogenebio@xogenebio.com,newgenes@newgenesci.com,,2026-01-22,Gene Fragments with Adapters(300＜X≤3200) - Total 1ea,bp,771,120,"92,520","9,252",
2026-01-22,20260122-10260122-18586183,2026-01-22,2026-01-22,204-16-78019,,아벨바이오,최일범,"서울특별시 중랑구 면목로 205, 2층(면목동)",595-81-02960,,뉴진사이언스,김기환,"경기도 광명시 소하로 190, 비동 9층 21호(소하 동,광명G타워)","210,100","191,000","19,100",세금계산서,일반,인터넷발급,,청구,abelbio2012@gmail.com,newgenes@newgenesci.com,,2026-01-22,331096(BX); RT; 96we...외  ,,,,"191,000","19,100",
2026-01-21,20260121-10260121-17941120,2026-01-21,2026-01-21,275-88-02444,,"주식회사 지티과학(GTscience Co.,Ltd)",진평호,"경기도 하남시 미사대로 520, 씨에이동 8층 A031호(덕풍동, 현대지식산업센터 한강미사2차(25BL))",595-81-02960,,주식회사 뉴진사이언스,김기환,"경기도 광명시 소하로 190, 비동 9층 21호(소하동, 광명G타워)","138,600","126,000","12,600",세금계산서,일반,인터넷발급,,청구,,newgenes@newgenesci.com,,2026-01-21,(Sigma) H3506-100MG - Hyaluronidase from bovine testes,100MG,1,"126,000","126,000","12,600",
2026-01-19,20260119-41000021-b0030233,2026-01-19,2026-01-19,118-82-70725,,광명G타워,최형석,"경기 광명시 소하로 190경기 광명시 소하로 190 소하동,광명G타워",595-81-02960,,주식회사 뉴진사이언스,김기환,경기 광명시 소하로 190 비동 9층 21호,"393,990","358,170","35,820",세금계산서,일반,ASP발급,2025년12월 관리비 B동921호,청구,kmgtower@naver.com,newgenes@newgenesci.com,,2026-01-19,2025년12월분 관리비 외,,0,0,"358,170","35,820",
2026-01-19,20260119-41000007-15162832,2026-01-19,2026-01-20,641-86-00839,,주식회사 엑소젠,조광호,"대전광역시 유성구 죽동로242번길 8-17,1층 102호",595-81-02960,,뉴진사이언스,김기환,"경기도 광명시 소하로 190, 광명 G타워 B동 921호 (소하동)","795,916","723,560","72,356",세금계산서,일반,ASP발급,590977,청구,xogenebio@xogenebio.com,newgenes@newgenesci.com,,,Clonal Genes (1800＜X≤3200) - Total 1ea,bp,"2,059",200,"411,800","41,180",Q-590977
2026-01-19,20260119-41000007-15159000,2026-01-19,2026-01-20,641-86-00839,,주식회사 엑소젠,조광호,"대전광역시 유성구 죽동로242번길 8-17,1층 102호",595-81-02960,,뉴진사이언스,김기환,"경기도 광명시 소하로 190, 광명 G타워 B동 921호 (소하동)","116,820","106,200","10,620",세금계산서,일반,ASP발급,,청구,xogenebio@xogenebio.com,newgenes@newgenesci.com,,,Gene Fragments without Adapters(300＜X≤3200)- Total 1ea,bp,885,120,"106,200","10,620",Q-594514
2026-01-19,20260119-41000007-15158996,2026-01-19,2026-01-20,641-86-00839,,주식회사 엑소젠,조광호,"대전광역시 유성구 죽동로242번길 8-17,1층 102호",595-81-02960,,뉴진사이언스,김기환,"경기도 광명시 소하로 190, 광명 G타워 B동 921호 (소하동)","486,684","442,440","44,244",세금계산서,일반,ASP발급,,청구,xogenebio@xogenebio.com,newgenes@newgenesci.com,,,Gene Fragments with Adapters(300＜X≤3200) - Total 4ea,bp,"3,687",120,"442,440","44,244",Q-593993
2026-01-19,20260119-10260119-16293273,2026-01-19,2026-01-19,204-16-78019,,아벨바이오,최일범,"서울특별시 중랑구 면목로 205, 2층(면목동)",595-81-02960,,뉴진사이언스,김기환,"경기도 광명시 소하로 190, 비동 9층 21호(소하 동,광명G타워)","141,900","129,000","12,900",세금계산서,일반,인터넷발급,,청구,abelbio2012@gmail.com,newgenes@newgenesci.com,,2026-01-19,MCT-175-C(PK); RT; M...외 ,,,,"129,000","12,900",
2026-01-16,20260116-10260119-15710824,2026-01-19,2026-01-19,386-81-00693,,주식회사 아이셀,이용철,"경기도 하남시 조정대로 150, 아이테코 755호",595-81-02960,,주식회사 뉴진사이언스(New Gene Science Inc.),김기환,"경기도 광명시 소하로 190, 비동 9층 21호(소하동, 광명G타워)","38,500","35,000","3,500",세금계산서,일반,인터넷발급,,청구,,newgenes@newgenesci.com,,2026-01-16,"Ethanol absolute for analysis EMSURE® ACS,ISO,Reag. Ph Eur-64-17-5",1L,1,"31,000","31,000","3,100",
2026-01-15,20260115-41000061-dap4duto,2026-01-15,2026-01-15,220-81-65848,,(주)이카운트,김신래,서울특별시 강동구 고덕비즈밸리로6길 84 (고덕동) 이카운트,595-81-02960,,(주)뉴진사이언스,김기환,"경기도 광명시 소하동 190,광명G타워 B동 921호","44,000","40,000","4,000",세금계산서,일반,ASP발급,,청구,csmail@ecounterp.com,NEWGENES@NEWGENESCI.COM,,2026-01-15,2026년 01월 사용료,,0,0,"40,000","4,000",
2026-01-15,20260115-41000022-00004309,2026-01-15,2026-01-16,873-81-02273,,주식회사 세진씨아이,강연웅,"서울특별시 양천구 신목로 20 (신정동, 세진빌딩)",595-81-02960,,주식회사 뉴진사이언스,김기환,"경기도 광명시 소하로 190 (소하동, 광명G타워) 비동 9층 21호","271,810","247,100","24,710",세금계산서,일반,ASP발급,,영수,tax01@sejinci.co.kr,stella.yang@newgenesci.com,,2026-01-15,Lactobionic Acid (mixture of Acid form and Lactone form),100G,1,"247,100","247,100","24,710",
2026-01-15,20260115-41000007-15130654,2026-01-15,2026-01-16,641-86-00839,,주식회사 엑소젠,조광호,"대전광역시 유성구 죽동로242번길 8-17,1층 102호",595-81-02960,,뉴진사이언스,김기환,"경기도 광명시 소하로 190, 광명 G타워 B동 921호 (소하동)","48,708","44,280","4,428",세금계산서,일반,ASP발급,,청구,xogenebio@xogenebio.com,newgenes@newgenesci.com,,,Q-593257,bp,369,120,"44,280","4,428",Q-592161
2026-01-15,20260115-10260624-76617550,2026-06-24,2026-06-24,215-13-88796,,한맥국제특허법률사무소,김정현 외 1 명,"서울특별시 강남구 역삼로 136, 2층(역삼동, 신명빌딩)",595-81-02960,,주식회사 뉴진사이언스(New Gene Science Inc.),김기환,"경기도 광명시 소하로 190, 비동 9층 21호(소하동, 광명G타워)","-440,000","-400,000","-40,000",수정세금계산서,일반(수정),인터넷발급,당초 승인번호 (20260115-10260115-14756177),청구,lbr525@ihanmac.com,newgenes@newgenesci.com,,2026-01-15,특허 2025-0083130 중간비용,,,,"-400,000","-40,000",
2026-01-15,20260115-10260115-14756177,2026-01-15,2026-01-15,215-13-88796,,한맥국제특허법률사무소,김정현 외 1 명,"서울특별시 강남구 역삼로 136, 2층(역삼동, 신명빌딩)",595-81-02960,,주식회사 뉴진사이언스(New Gene Science Inc.),김기환,"경기도 광명시 소하로 190, 비동 9층 21호(소하동, 광명G타워)","440,000","400,000","40,000",세금계산서,일반,인터넷발급,,청구,lbr525@ihanmac.com,newgenes@newgenesci.com,,2026-01-15,특허 2025-0083130 중간비용,,,,"400,000","40,000",
2026-01-14,20260114-41000061-1bvv2ja9,2026-01-15,2026-01-15,160-86-00927,,(주)다윈바이오텍,김용문,경기도 하남시 조정대로 150 (덕풍동) 아이테코 블루존 607호,595-81-02960,,주식회사 뉴진사이언스,김기환,"경기도 광명시 소하로 190, 비동 9층 21호","271,700","247,000","24,700",세금계산서,일반,ASP발급,,청구,admin@dawinbiotech.com,newgenes@newgenesci.com,,2026-01-14,♥[69504] DNeasy Blood & Tissue Kit (50),50/kit,1,"247,000","247,000","24,700",
2026-01-13,20260113-41000061-g2v5fqkq,2026-01-14,2026-01-14,160-86-00927,,(주)다윈바이오텍,김용문,경기도 하남시 조정대로 150 (덕풍동) 아이테코 블루존 607호,595-81-02960,,주식회사 뉴진사이언스,김기환,"경기도 광명시 소하로 190, 비동 9층 21호","271,700","247,000","24,700",세금계산서,일반,ASP발급,,청구,admin@dawinbiotech.com,newgenes@newgenesci.com,,2026-01-13,♥[69504] DNeasy Blood & Tissue Kit (50),50/kit,1,"247,000","247,000","24,700",
2026-01-12,20260112-41000151-00005177,2026-01-13,2026-01-13,890-87-00379,,주식회사 마이크로진,조상희,경기도 수원시 권선구 산업로155번길 116 (고색동) 2층,595-81-02960,,주식회사 뉴진사이언스,김기환,경기 광명시 소하로 190 광명G타워 B동 921호,"30,450","27,682","2,768",세금계산서,일반,ASP발급,,영수,sales@microgiene.com,newgenes@newgenesci.com,,2026-01-12,MEDION Loop  Needle (일회용 백금이)br500ea/box,,1,"26,950","24,500","2,450",
2026-01-12,20260112-41000009-c00001xp,2026-01-13,2026-01-14,119-86-66372,,(주)나비엠알오,김형근,"서울시 금천구 디지털로 130 남성프라자 308, 309호",595-81-02960,,(주)뉴진사이언스,김기환,경기도 광명시 소하로 190(소하동),"14,245","12,950","1,295",세금계산서,일반,ASP발급,,영수,sophie726@navimro.com,newgenes@newgenesci.com,,2026-01-12,알코올 램프 교체 심,,,,"9,950",995,
2026-01-12,20260112-10260113-13394781,2026-01-13,2026-01-13,489-57-00532,,비에스테크광명,이재호 외 1 명,"경기도 광명시 소하로 190, B동 920,921호(소하동, 광명G타워)",595-81-02960,,주식회사 뉴진사이언스,김기환,"경기도 광명시 소하로 190(소하동, 광명G타워)비동9층21호","1,100,000","1,000,000","100,000",세금계산서,일반,인터넷발급,,청구,gateman4@daum.net,newgenes@newgenesci.com,,2026-01-12,사무실임대료,,,,"1,000,000","100,000",
2026-01-09,20260109-41000008-fby7qyzp,2026-01-09,2026-01-12,130-81-49813,,청호나이스(주),지기원,충북 진천군 이월면 진광로 486,595-81-02960,,(주)뉴진사이언스,김기환,"경기 광명시 소하로 190 B동 9층 21호 (소하동, 광명G타워)","45,900","41,727","4,173",세금계산서,일반,ASP발급,국민은행 804010484951 /  당월 내 미납시 가산금이 부과됩니다. 계약:13-0230049-24-00282,청구,10238007@chungho.co.kr,newgenes@newgenesci.com,,2026-01-09,렌탈료,,1,0,"41,727","4,173",
2026-01-09,20260109-10260109-99760170,2026-01-09,2026-01-09,204-16-78019,,아벨바이오,최일범,"서울특별시 중랑구 면목로 205, 2층(면목동)",595-81-02960,,뉴진사이언스,김기환,"경기도 광명시 소하로 190, 비동 9층 21호(소하 동,광명G타워)","97,075","88,250","8,825",세금계산서,일반,인터넷발급,,청구,abelbio2012@gmail.com,newgenes@newgenesci.com,,2026-01-09,43022(BX); RT; Cryov...외,,,,"88,250","8,825",
2026-01-07,20260107-50000002-e9470349,2026-01-27,2026-01-27,102-81-42945,,주식회사 케이티,김영섭,경기도 성남시 분당구 불정로 90,595-81-02960,,주식회사뉴진사이언스,김기환,"경기 광명시 소하로 190 B동 921호 (소하동, 광명G타워)","44,785","40,714","4,071",세금계산서,일반,겸용서식발급,"84 KOS, 명세서번호(청구계약ID) : 76037059276, 매출기관(사업장) : P546173",청구,,,,,인터넷 베이직 (z!68194598000),,1,"40,714","40,714","4,071",
2026-01-07,20260107-41000061-h5e3uavc,2026-01-08,2026-01-08,215-86-24821,,(주)다윈바이오,유선하,경기도 하남시 조정대로150 아이테코 블루존 601호,595-81-02960,,주식회사 뉴진사이언스 (New Gene Science Inc.),김기환,"경기도 광명시 소하로 190, 비동 9층 21호 (소하동, 광명G타워)","1,553,200","1,412,000","141,200",세금계산서,일반,ASP발급,,청구,jinlim@dawinbio.com,newgenes@newgenesci.com,,2026-01-07,·[ab128749] Mouse TCS Purification System 외 1건,,0,0,"1,412,000","141,200",
2026-01-05,20260105-41000061-kfotvh17,2026-01-05,2026-01-05,107-87-03371,,(주)포바이오코리아,서형종,서울특별시 금천구 가산디지털2로 14 (가산동) 대륭테크노타운12차 9층 917호 외,595-81-02960,,주식회사 뉴진사이언스,김기환,"경기도 광명시 소하로 190 (소하동, 광명G타워) 비동 9층 21호","241,120","219,200","21,920",세금계산서,일반,ASP발급,,청구,forbio@forbio.co.kr,jason.kim@newgenesci.com,,2026-01-05,"Pipette tip, 1000 µl, calibration rings, Bulk","500 pcs/bag, 10 bags/case",1,"88,800","88,800","8,880",
2026-01-03,20260103-50000008-40045166,2026-01-03,2026-02-06,104-81-37225,,에스케이텔레콤(주),유영상,,595-81-02960,,주식회사 뉴진사이언스,김기환,"경기 광명시 소하로 190, 비동 21호(소하동)","77,155","70,142","7,013",세금계산서,일반,겸용서식발급,,청구,,,,2026-01-03,이동통신요금(01071698805),,0,0,"70,142","7,013",
2026-01-03,20260103-50000008-40004648,2026-01-03,2026-02-06,104-81-37225,,에스케이텔레콤(주),유영상,,595-81-02960,,주식회사 뉴진사이언스,김기환,"경기 광명시 소하로 190, 비동 21호(소하동)","22,000","20,000","2,000",세금계산서,일반,겸용서식발급,,청구,,,,2026-01-03,이동통신요금(01224414997),,0,0,"20,000","2,000",
